dex_number,identifier,type_1,type_2,gen,is_starter,is_gigantimax,is_mega,gender_diff,is_legendary,is_mythical,gender_dif,form_number,extra,file_name
0,Egg,none,none,1,0,0,0,0,0,0,n,0,,0_0_n_n.png
1,Bulbasaur,grass,poison,1,1,0,0,0,0,0,n,0,,1_0_n_n.png
2,Ivysaur,grass,poison,1,0,0,0,0,0,0,n,0,,2_0_n_n.png
3,Venusaur,grass,poison,1,0,0,0,1,0,0,f,0,,3_0_f_n.png
3,Venusaur,grass,poison,1,0,0,0,1,0,0,m,0,,3_0_m_n.png
3,Venusaur,grass,poison,1,0,1,0,1,0,0,n,0,,3_0_n_g.png
3,Venusaur-Mega,grass,poison,1,0,0,1,1,0,0,n,1,,3_1_n_n.png
4,Charmander,fire,none,1,1,0,0,0,0,0,n,0,,4_0_n_n.png
5,Charmeleon,fire,none,1,0,0,0,0,0,0,n,0,,5_0_n_n.png
6,Charizard,fire,flying,1,0,1,0,0,0,0,n,0,,6_0_n_g.png
6,Charizard,fire,flying,1,0,0,0,0,0,0,n,0,,6_0_n_n.png
6,Charizard-Mega-X,fire,dragon,1,0,0,1,0,0,0,n,1,,6_1_n_n.png
6,Charizard-Mega-Y,fire,flying,1,0,0,1,0,0,0,n,2,,6_2_n_n.png
7,Squirtle,water,none,1,1,0,0,0,0,0,n,0,,7_0_n_n.png
8,Wartortle,water,none,1,0,0,0,0,0,0,n,0,,8_0_n_n.png
9,Blastoise,water,none,1,0,1,0,0,0,0,n,0,,9_0_n_g.png
9,Blastoise,water,none,1,0,0,0,0,0,0,n,0,,9_0_n_n.png
9,Blastoise-Mega,water,none,1,0,0,1,0,0,0,n,1,,9_1_n_n.png
10,Caterpie,bug,none,1,0,0,0,0,0,0,n,0,,10_0_n_n.png
11,Metapod,bug,none,1,0,0,0,0,0,0,n,0,,11_0_n_n.png
12,Butterfree,bug,flying,1,0,0,0,1,0,0,f,0,,12_0_f_n.png
12,Butterfree,bug,flying,1,0,0,0,1,0,0,m,0,,12_0_m_n.png
12,Butterfree,bug,flying,1,0,1,0,1,0,0,n,0,,12_0_n_g.png
13,Weedle,bug,poison,1,0,0,0,0,0,0,n,0,,13_0_n_n.png
14,Kakuna,bug,poison,1,0,0,0,0,0,0,n,0,,14_0_n_n.png
15,Beedrill,bug,poison,1,0,0,0,0,0,0,n,0,,15_0_n_n.png
15,Beedrill-Mega,bug,poison,1,0,0,1,0,0,0,n,1,,15_1_n_n.png
16,Pidgey,normal,flying,1,0,0,0,0,0,0,n,0,,16_0_n_n.png
17,Pidgeotto,normal,flying,1,0,0,0,0,0,0,n,0,,17_0_n_n.png
18,Pidgeot,normal,flying,1,0,0,0,0,0,0,n,0,,18_0_n_n.png
18,Pidgeot-Mega,normal,flying,1,0,0,1,0,0,0,n,1,,18_1_n_n.png
19,Rattata,normal,none,1,0,0,0,1,0,0,f,0,,19_0_f_n.png
19,Rattata,normal,none,1,0,0,0,1,0,0,m,0,,19_0_m_n.png
19,Rattata-Alola,dark,normal,7,0,0,0,1,0,0,n,1,,19_1_n_n.png
20,Raticate,normal,none,1,0,0,0,1,0,0,f,0,,20_0_f_n.png
20,Raticate,normal,none,1,0,0,0,1,0,0,m,0,,20_0_m_n.png
20,Raticate-Alola,dark,normal,7,0,0,0,1,0,0,n,1,,20_1_n_n.png
21,Spearow,normal,flying,1,0,0,0,0,0,0,n,0,,21_0_n_n.png
22,Fearow,normal,flying,1,0,0,0,0,0,0,n,0,,22_0_n_n.png
23,Ekans,poison,none,1,0,0,0,0,0,0,n,0,,23_0_n_n.png
24,Arbok,poison,none,1,0,0,0,0,0,0,n,0,,24_0_n_n.png
25,Pikachu,electric,none,1,0,0,0,1,0,0,f,0,,25_0_f_n.png
25,Pikachu,electric,none,1,0,0,0,1,0,0,m,0,,25_0_m_n.png
25,Pikachu,electric,none,1,0,1,0,1,0,0,n,0,,25_0_n_g.png
26,Raichu,electric,none,1,0,0,0,1,0,0,f,0,,26_0_f_n.png
26,Raichu,electric,none,1,0,0,0,1,0,0,m,0,,26_0_m_n.png
26,Raichu-Alola,electric,psychic,7,0,0,0,1,0,0,n,1,,26_1_n_n.png
27,Sandshrew,ground,none,1,0,0,0,0,0,0,n,0,,27_0_n_n.png
27,Sandshrew-Alola,ice,steel,7,0,0,0,0,0,0,n,1,,27_1_n_n.png
28,Sandslash,ground,none,1,0,0,0,0,0,0,n,0,,28_0_n_n.png
28,Sandslash-Alola,ice,steel,7,0,0,0,0,0,0,n,1,,28_1_n_n.png
29,Nidoran-F,poison,none,1,0,0,0,0,0,0,n,0,,29_0_n_n.png
30,Nidorina,poison,none,1,0,0,0,0,0,0,n,0,,30_0_n_n.png
31,Nidoqueen,poison,ground,1,0,0,0,0,0,0,n,0,,31_0_n_n.png
32,Nidoran-M,poison,none,1,0,0,0,0,0,0,n,0,,32_0_n_n.png
33,Nidorino,poison,none,1,0,0,0,0,0,0,n,0,,33_0_n_n.png
34,Nidoking,poison,ground,1,0,0,0,0,0,0,n,0,,34_0_n_n.png
35,Clefairy,fairy,none,1,0,0,0,0,0,0,n,0,,35_0_n_n.png
36,Clefable,fairy,none,1,0,0,0,0,0,0,n,0,,36_0_n_n.png
37,Vulpix,fire,none,1,0,0,0,0,0,0,n,0,,37_0_n_n.png
37,Vulpix-Alola,ice,none,7,0,0,0,0,0,0,n,1,,37_1_n_n.png
38,Ninetales,fire,none,1,0,0,0,0,0,0,n,0,,38_0_n_n.png
38,Ninetales-Alola,ice,fairy,7,0,0,0,0,0,0,n,1,,38_1_n_n.png
39,Jigglypuff,normal,fairy,1,0,0,0,0,0,0,n,0,,39_0_n_n.png
40,Wigglytuff,normal,fairy,1,0,0,0,0,0,0,n,0,,40_0_n_n.png
41,Zubat,poison,flying,1,0,0,0,1,0,0,f,0,,41_0_f_n.png
41,Zubat,poison,flying,1,0,0,0,1,0,0,m,0,,41_0_m_n.png
42,Golbat,poison,flying,1,0,0,0,1,0,0,f,0,,42_0_f_n.png
42,Golbat,poison,flying,1,0,0,0,1,0,0,m,0,,42_0_m_n.png
43,Oddish,grass,poison,1,0,0,0,0,0,0,n,0,,43_0_n_n.png
44,Gloom,grass,poison,1,0,0,0,1,0,0,f,0,,44_0_f_n.png
44,Gloom,grass,poison,1,0,0,0,1,0,0,m,0,,44_0_m_n.png
45,Vileplume,grass,poison,1,0,0,0,1,0,0,f,0,,45_0_f_n.png
45,Vileplume,grass,poison,1,0,0,0,1,0,0,m,0,,45_0_m_n.png
46,Paras,bug,grass,1,0,0,0,0,0,0,n,0,,46_0_n_n.png
47,Parasect,bug,grass,1,0,0,0,0,0,0,n,0,,47_0_n_n.png
48,Venonat,bug,poison,1,0,0,0,0,0,0,n,0,,48_0_n_n.png
49,Venomoth,bug,poison,1,0,0,0,0,0,0,n,0,,49_0_n_n.png
50,Diglett,ground,none,1,0,0,0,0,0,0,n,0,,50_0_n_n.png
50,Diglett-Alola,ground,steel,7,0,0,0,0,0,0,n,1,,50_1_n_n.png
51,Dugtrio,ground,none,1,0,0,0,0,0,0,n,0,,51_0_n_n.png
51,Dugtrio-Alola,ground,steel,7,0,0,0,0,0,0,n,1,,51_1_n_n.png
52,Meowth,normal,none,1,0,1,0,0,0,0,n,0,,52_0_n_g.png
52,Meowth,normal,none,1,0,0,0,0,0,0,n,0,,52_0_n_n.png
52,Meowth-Alola,dark,none,7,0,0,0,0,0,0,n,1,,52_1_n_n.png
52,Meowth-Galar,steel,none,8,0,0,0,0,0,0,n,2,,52_2_n_n.png
53,Persian,normal,none,1,0,0,0,0,0,0,n,0,,53_0_n_n.png
53,Persian-Alola,dark,none,7,0,0,0,0,0,0,n,1,,53_1_n_n.png
54,Psyduck,water,none,1,0,0,0,0,0,0,n,0,,54_0_n_n.png
55,Golduck,water,none,1,0,0,0,0,0,0,n,0,,55_0_n_n.png
56,Mankey,fighting,none,1,0,0,0,0,0,0,n,0,,56_0_n_n.png
57,Primeape,fighting,none,1,0,0,0,0,0,0,n,0,,57_0_n_n.png
58,Growlithe,fire,none,1,0,0,0,0,0,0,n,0,,58_0_n_n.png
59,Arcanine,fire,none,1,0,0,0,0,0,0,n,0,,59_0_n_n.png
60,Poliwag,water,none,1,0,0,0,0,0,0,n,0,,60_0_n_n.png
61,Poliwhirl,water,none,1,0,0,0,0,0,0,n,0,,61_0_n_n.png
62,Poliwrath,water,fighting,1,0,0,0,0,0,0,n,0,,62_0_n_n.png
63,Abra,psychic,none,1,0,0,0,0,0,0,n,0,,63_0_n_n.png
64,Kadabra,psychic,none,1,0,0,0,1,0,0,f,0,,64_0_f_n.png
64,Kadabra,psychic,none,1,0,0,0,1,0,0,m,0,,64_0_m_n.png
65,Alakazam,psychic,none,1,0,0,0,1,0,0,f,0,,65_0_f_n.png
65,Alakazam,psychic,none,1,0,0,0,1,0,0,m,0,,65_0_m_n.png
65,Alakazam-Mega,psychic,none,1,0,0,1,1,0,0,n,1,,65_1_n_n.png
66,Machop,fighting,none,1,0,0,0,0,0,0,n,0,,66_0_n_n.png
67,Machoke,fighting,none,1,0,0,0,0,0,0,n,0,,67_0_n_n.png
68,Machamp,fighting,none,1,0,1,0,0,0,0,n,0,,68_0_n_g.png
68,Machamp,fighting,none,1,0,0,0,0,0,0,n,0,,68_0_n_n.png
69,Bellsprout,grass,poison,1,0,0,0,0,0,0,n,0,,69_0_n_n.png
70,Weepinbell,grass,poison,1,0,0,0,0,0,0,n,0,,70_0_n_n.png
71,Victreebel,grass,poison,1,0,0,0,0,0,0,n,0,,71_0_n_n.png
72,Tentacool,water,poison,1,0,0,0,0,0,0,n,0,,72_0_n_n.png
73,Tentacruel,water,poison,1,0,0,0,0,0,0,n,0,,73_0_n_n.png
74,Geodude,rock,ground,1,0,0,0,0,0,0,n,0,,74_0_n_n.png
74,Geodude-Alola,rock,electric,7,0,0,0,0,0,0,n,1,,74_1_n_n.png
75,Graveler,rock,ground,1,0,0,0,0,0,0,n,0,,75_0_n_n.png
75,Graveler-Alola,rock,electric,7,0,0,0,0,0,0,n,1,,75_1_n_n.png
76,Golem,rock,ground,1,0,0,0,0,0,0,n,0,,76_0_n_n.png
76,Golem-Alola,rock,electric,7,0,0,0,0,0,0,n,1,,76_1_n_n.png
77,Ponyta,fire,none,1,0,0,0,0,0,0,n,0,,77_0_n_n.png
77,Ponyta-Galar,psychic,none,8,0,0,0,0,0,0,n,1,,77_1_n_n.png
78,Rapidash,fire,none,1,0,0,0,0,0,0,n,0,,78_0_n_n.png
78,Rapidash-Galar,psychic,fairy,8,0,0,0,0,0,0,n,1,,78_1_n_n.png
79,Slowpoke,water,psychic,1,0,0,0,0,0,0,n,0,,79_0_n_n.png
79,Slowpoke-Galar,psychic,none,8,0,0,0,0,0,0,n,1,,79_1_n_n.png
80,Slowbro,water,psychic,1,0,0,0,0,0,0,n,0,,80_0_n_n.png
80,Slowbro-Mega,water,psychic,1,0,0,1,0,0,0,n,1,,80_1_n_n.png
80,Slowbro-Galar,poison,psychic,8,0,0,0,0,0,0,n,2,,80_2_n_n.png
81,Magnemite,electric,steel,1,0,0,0,0,0,0,n,0,,81_0_n_n.png
82,Magneton,electric,steel,1,0,0,0,0,0,0,n,0,,82_0_n_n.png
83,Farfetchd,normal,flying,1,0,0,0,0,0,0,n,0,,83_0_n_n.png
83,Farfetchd-Galar,fighting,none,8,0,0,0,0,0,0,n,1,,83_1_n_n.png
84,Doduo,normal,flying,1,0,0,0,1,0,0,f,0,,84_0_f_n.png
84,Doduo,normal,flying,1,0,0,0,1,0,0,m,0,,84_0_m_n.png
85,Dodrio,normal,flying,1,0,0,0,1,0,0,f,0,,85_0_f_n.png
85,Dodrio,normal,flying,1,0,0,0,1,0,0,m,0,,85_0_m_n.png
86,Seel,water,none,1,0,0,0,0,0,0,n,0,,86_0_n_n.png
87,Dewgong,water,ice,1,0,0,0,0,0,0,n,0,,87_0_n_n.png
88,Grimer,poison,none,1,0,0,0,0,0,0,n,0,,88_0_n_n.png
88,Grimer-Alola,poison,dark,7,0,0,0,0,0,0,n,1,,88_1_n_n.png
89,Muk,poison,none,1,0,0,0,0,0,0,n,0,,89_0_n_n.png
89,Muk-Alola,poison,dark,7,0,0,0,0,0,0,n,1,,89_1_n_n.png
90,Shellder,water,none,1,0,0,0,0,0,0,n,0,,90_0_n_n.png
91,Cloyster,water,ice,1,0,0,0,0,0,0,n,0,,91_0_n_n.png
92,Gastly,ghost,poison,1,0,0,0,0,0,0,n,0,,92_0_n_n.png
93,Haunter,ghost,poison,1,0,0,0,0,0,0,n,0,,93_0_n_n.png
94,Gengar,ghost,poison,1,0,1,0,0,0,0,n,0,,94_0_n_g.png
94,Gengar,ghost,poison,1,0,0,0,0,0,0,n,0,,94_0_n_n.png
94,Gengar-Mega,ghost,poison,1,0,0,1,0,0,0,n,1,,94_1_n_n.png
95,Onix,rock,ground,1,0,0,0,0,0,0,n,0,,95_0_n_n.png
96,Drowzee,psychic,none,1,0,0,0,0,0,0,n,0,,96_0_n_n.png
97,Hypno,psychic,none,1,0,0,0,1,0,0,f,0,,97_0_f_n.png
97,Hypno,psychic,none,1,0,0,0,1,0,0,m,0,,97_0_m_n.png
98,Krabby,water,none,1,0,0,0,0,0,0,n,0,,98_0_n_n.png
99,Kingler,water,none,1,0,1,0,0,0,0,n,0,,99_0_n_g.png
99,Kingler,water,none,1,0,0,0,0,0,0,n,0,,99_0_n_n.png
100,Voltorb,electric,none,1,0,0,0,0,0,0,n,0,,100_0_n_n.png
101,Electrode,electric,none,1,0,0,0,0,0,0,n,0,,101_0_n_n.png
102,Exeggcute,grass,psychic,1,0,0,0,0,0,0,n,0,,102_0_n_n.png
103,Exeggutor,grass,psychic,1,0,0,0,0,0,0,n,0,,103_0_n_n.png
103,Exeggutor-Alola,grass,dragon,7,0,0,0,0,0,0,n,1,,103_1_n_n.png
104,Cubone,ground,none,1,0,0,0,0,0,0,n,0,,104_0_n_n.png
105,Marowak,ground,none,1,0,0,0,0,0,0,n,0,,105_0_n_n.png
105,Marowak-Alola,fire,ghost,7,0,0,0,0,0,0,n,1,,105_1_n_n.png
106,Hitmonlee,fighting,none,1,0,0,0,0,0,0,n,0,,106_0_n_n.png
107,Hitmonchan,fighting,none,1,0,0,0,0,0,0,n,0,,107_0_n_n.png
108,Lickitung,normal,none,1,0,0,0,0,0,0,n,0,,108_0_n_n.png
109,Koffing,poison,none,1,0,0,0,0,0,0,n,0,,109_0_n_n.png
110,Weezing,poison,none,1,0,0,0,0,0,0,n,0,,110_0_n_n.png
110,Weezing-Galar,poison,fairy,8,0,0,0,0,0,0,n,1,,110_1_n_n.png
111,Rhyhorn,ground,rock,1,0,0,0,1,0,0,f,0,,111_0_f_n.png
111,Rhyhorn,ground,rock,1,0,0,0,1,0,0,m,0,,111_0_m_n.png
112,Rhydon,ground,rock,1,0,0,0,1,0,0,f,0,,112_0_f_n.png
112,Rhydon,ground,rock,1,0,0,0,1,0,0,m,0,,112_0_m_n.png
113,Chansey,normal,none,1,0,0,0,0,0,0,n,0,,113_0_n_n.png
114,Tangela,grass,none,1,0,0,0,0,0,0,n,0,,114_0_n_n.png
115,Kangaskhan,normal,none,1,0,0,0,0,0,0,n,0,,115_0_n_n.png
115,Kangaskhan-Mega,normal,none,1,0,0,1,0,0,0,n,1,,115_1_n_n.png
116,Horsea,water,none,1,0,0,0,0,0,0,n,0,,116_0_n_n.png
117,Seadra,water,none,1,0,0,0,0,0,0,n,0,,117_0_n_n.png
118,Goldeen,water,none,1,0,0,0,1,0,0,f,0,,118_0_f_n.png
118,Goldeen,water,none,1,0,0,0,1,0,0,m,0,,118_0_m_n.png
119,Seaking,water,none,1,0,0,0,1,0,0,f,0,,119_0_f_n.png
119,Seaking,water,none,1,0,0,0,1,0,0,m,0,,119_0_m_n.png
120,Staryu,water,none,1,0,0,0,0,0,0,n,0,,120_0_n_n.png
121,Starmie,water,psychic,1,0,0,0,0,0,0,n,0,,121_0_n_n.png
122,Mr-Mime,psychic,fairy,1,0,0,0,0,0,0,n,0,,122_0_n_n.png
122,Mr-Mime-Galar,ice,psychic,8,0,0,0,0,0,0,n,1,,122_1_n_n.png
123,Scyther,bug,flying,1,0,0,0,1,0,0,f,0,,123_0_f_n.png
123,Scyther,bug,flying,1,0,0,0,1,0,0,m,0,,123_0_m_n.png
124,Jynx,ice,psychic,1,0,0,0,0,0,0,n,0,,124_0_n_n.png
125,Electabuzz,electric,none,1,0,0,0,0,0,0,n,0,,125_0_n_n.png
126,Magmar,fire,none,1,0,0,0,0,0,0,n,0,,126_0_n_n.png
127,Pinsir,bug,none,1,0,0,0,0,0,0,n,0,,127_0_n_n.png
127,Pinsir-Mega,bug,flying,1,0,0,1,0,0,0,n,1,,127_1_n_n.png
128,Tauros,normal,none,1,0,0,0,0,0,0,n,0,,128_0_n_n.png
129,Magikarp,water,none,1,0,0,0,1,0,0,f,0,,129_0_f_n.png
129,Magikarp,water,none,1,0,0,0,1,0,0,m,0,,129_0_m_n.png
130,Gyarados,water,flying,1,0,0,0,1,0,0,f,0,,130_0_f_n.png
130,Gyarados,water,flying,1,0,0,0,1,0,0,m,0,,130_0_m_n.png
130,Gyarados-Mega,water,dark,1,0,0,1,1,0,0,n,1,,130_1_n_n.png
131,Lapras,water,ice,1,0,1,0,0,0,0,n,0,,131_0_n_g.png
131,Lapras,water,ice,1,0,0,0,0,0,0,n,0,,131_0_n_n.png
132,Ditto,normal,none,1,0,0,0,0,0,0,n,0,,132_0_n_n.png
133,Eevee,normal,none,1,0,0,0,0,0,0,f,0,,133_0_f_n.png
133,Eevee,normal,none,1,0,0,0,0,0,0,m,0,,133_0_m_n.png
133,Eevee,normal,none,1,0,1,0,0,0,0,n,0,,133_0_n_g.png
134,Vaporeon,water,none,1,0,0,0,0,0,0,n,0,,134_0_n_n.png
135,Jolteon,electric,none,1,0,0,0,0,0,0,n,0,,135_0_n_n.png
136,Flareon,fire,none,1,0,0,0,0,0,0,n,0,,136_0_n_n.png
137,Porygon,normal,none,1,0,0,0,0,0,0,n,0,,137_0_n_n.png
138,Omanyte,rock,water,1,0,0,0,0,0,0,n,0,,138_0_n_n.png
139,Omastar,rock,water,1,0,0,0,0,0,0,n,0,,139_0_n_n.png
140,Kabuto,rock,water,1,0,0,0,0,0,0,n,0,,140_0_n_n.png
141,Kabutops,rock,water,1,0,0,0,0,0,0,n,0,,141_0_n_n.png
142,Aerodactyl,rock,flying,1,0,0,0,0,0,0,n,0,,142_0_n_n.png
142,Aerodactyl-Mega,rock,flying,1,0,0,1,0,0,0,n,1,,142_1_n_n.png
143,Snorlax,normal,none,1,0,1,0,0,0,0,n,0,,143_0_n_g.png
143,Snorlax,normal,none,1,0,0,0,0,0,0,n,0,,143_0_n_n.png
144,Articuno,ice,flying,1,0,0,0,0,1,0,n,0,,144_0_n_n.png
144,Articuno-Galar,psychic,flying,8,0,0,0,0,1,0,n,1,,144_1_n_n.png
145,Zapdos,electric,flying,1,0,0,0,0,1,0,n,0,,145_0_n_n.png
145,Zapdos-Galar,fighting,flying,8,0,0,0,0,1,0,n,1,,145_1_n_n.png
146,Moltres,fire,flying,1,0,0,0,0,1,0,n,0,,146_0_n_n.png
146,Moltres-Galar,dark,flying,8,0,0,0,0,1,0,n,1,,146_1_n_n.png
147,Dratini,dragon,none,1,0,0,0,0,0,0,n,0,,147_0_n_n.png
148,Dragonair,dragon,none,1,0,0,0,0,0,0,n,0,,148_0_n_n.png
149,Dragonite,dragon,flying,1,0,0,0,0,0,0,n,0,,149_0_n_n.png
150,Mewtwo,psychic,none,1,0,0,0,0,1,0,n,0,,150_0_n_n.png
150,Mewtwo-Mega-X,psychic,fighting,1,0,0,1,0,1,0,n,1,,150_1_n_n.png
150,Mewtwo-Mega-Y,psychic,none,1,0,0,1,0,1,0,n,2,,150_2_n_n.png
151,Mew,psychic,none,1,0,0,0,0,0,1,n,0,,151_0_n_n.png
152,Chikorita,grass,none,2,1,0,0,0,0,0,n,0,,152_0_n_n.png
153,Bayleef,grass,none,2,0,0,0,0,0,0,n,0,,153_0_n_n.png
154,Meganium,grass,none,2,0,0,0,1,0,0,f,0,,154_0_f_n.png
154,Meganium,grass,none,2,0,0,0,1,0,0,m,0,,154_0_m_n.png
155,Cyndaquil,fire,none,2,1,0,0,0,0,0,n,0,,155_0_n_n.png
156,Quilava,fire,none,2,0,0,0,0,0,0,n,0,,156_0_n_n.png
157,Typhlosion,fire,none,2,0,0,0,0,0,0,n,0,,157_0_n_n.png
158,Totodile,water,none,2,1,0,0,0,0,0,n,0,,158_0_n_n.png
159,Croconaw,water,none,2,0,0,0,0,0,0,n,0,,159_0_n_n.png
160,Feraligatr,water,none,2,0,0,0,0,0,0,n,0,,160_0_n_n.png
161,Sentret,normal,none,2,0,0,0,0,0,0,n,0,,161_0_n_n.png
162,Furret,normal,none,2,0,0,0,0,0,0,n,0,,162_0_n_n.png
163,Hoothoot,normal,flying,2,0,0,0,0,0,0,n,0,,163_0_n_n.png
164,Noctowl,normal,flying,2,0,0,0,0,0,0,n,0,,164_0_n_n.png
165,Ledyba,bug,flying,2,0,0,0,1,0,0,f,0,,165_0_f_n.png
165,Ledyba,bug,flying,2,0,0,0,1,0,0,m,0,,165_0_m_n.png
166,Ledian,bug,flying,2,0,0,0,1,0,0,f,0,,166_0_f_n.png
166,Ledian,bug,flying,2,0,0,0,1,0,0,m,0,,166_0_m_n.png
167,Spinarak,bug,poison,2,0,0,0,0,0,0,n,0,,167_0_n_n.png
168,Ariados,bug,poison,2,0,0,0,0,0,0,n,0,,168_0_n_n.png
169,Crobat,poison,flying,2,0,0,0,0,0,0,n,0,,169_0_n_n.png
170,Chinchou,water,electric,2,0,0,0,0,0,0,n,0,,170_0_n_n.png
171,Lanturn,water,electric,2,0,0,0,0,0,0,n,0,,171_0_n_n.png
172,Pichu,electric,none,2,0,0,0,0,0,0,n,0,,172_0_n_n.png
173,Cleffa,fairy,none,2,0,0,0,0,0,0,n,0,,173_0_n_n.png
174,Igglybuff,normal,fairy,2,0,0,0,0,0,0,n,0,,174_0_n_n.png
175,Togepi,fairy,none,2,0,0,0,0,0,0,n,0,,175_0_n_n.png
176,Togetic,fairy,flying,2,0,0,0,0,0,0,n,0,,176_0_n_n.png
177,Natu,psychic,flying,2,0,0,0,0,0,0,n,0,,177_0_n_n.png
178,Xatu,psychic,flying,2,0,0,0,1,0,0,f,0,,178_0_f_n.png
178,Xatu,psychic,flying,2,0,0,0,1,0,0,m,0,,178_0_m_n.png
179,Mareep,electric,none,2,0,0,0,0,0,0,n,0,,179_0_n_n.png
180,Flaaffy,electric,none,2,0,0,0,0,0,0,n,0,,180_0_n_n.png
181,Ampharos,electric,none,2,0,0,0,0,0,0,n,0,,181_0_n_n.png
181,Ampharos-Mega,electric,dragon,2,0,0,1,0,0,0,n,1,,181_1_n_n.png
182,Bellossom,grass,none,2,0,0,0,0,0,0,n,0,,182_0_n_n.png
183,Marill,water,fairy,2,0,0,0,0,0,0,n,0,,183_0_n_n.png
184,Azumarill,water,fairy,2,0,0,0,0,0,0,n,0,,184_0_n_n.png
185,Sudowoodo,rock,none,2,0,0,0,1,0,0,f,0,,185_0_f_n.png
185,Sudowoodo,rock,none,2,0,0,0,1,0,0,m,0,,185_0_m_n.png
186,Politoed,water,none,2,0,0,0,1,0,0,f,0,,186_0_f_n.png
186,Politoed,water,none,2,0,0,0,1,0,0,m,0,,186_0_m_n.png
187,Hoppip,grass,flying,2,0,0,0,0,0,0,n,0,,187_0_n_n.png
188,Skiploom,grass,flying,2,0,0,0,0,0,0,n,0,,188_0_n_n.png
189,Jumpluff,grass,flying,2,0,0,0,0,0,0,n,0,,189_0_n_n.png
190,Aipom,normal,none,2,0,0,0,1,0,0,f,0,,190_0_f_n.png
190,Aipom,normal,none,2,0,0,0,1,0,0,m,0,,190_0_m_n.png
191,Sunkern,grass,none,2,0,0,0,0,0,0,n,0,,191_0_n_n.png
192,Sunflora,grass,none,2,0,0,0,0,0,0,n,0,,192_0_n_n.png
193,Yanma,bug,flying,2,0,0,0,0,0,0,n,0,,193_0_n_n.png
194,Wooper,water,ground,2,0,0,0,1,0,0,f,0,,194_0_f_n.png
194,Wooper,water,ground,2,0,0,0,1,0,0,m,0,,194_0_m_n.png
195,Quagsire,water,ground,2,0,0,0,1,0,0,f,0,,195_0_f_n.png
195,Quagsire,water,ground,2,0,0,0,1,0,0,m,0,,195_0_m_n.png
196,Espeon,psychic,none,2,0,0,0,0,0,0,n,0,,196_0_n_n.png
197,Umbreon,dark,none,2,0,0,0,0,0,0,n,0,,197_0_n_n.png
198,Murkrow,dark,flying,2,0,0,0,1,0,0,f,0,,198_0_f_n.png
198,Murkrow,dark,flying,2,0,0,0,1,0,0,m,0,,198_0_m_n.png
199,Slowking,water,psychic,2,0,0,0,0,0,0,n,0,,199_0_n_n.png
199,Slowking-Galar,poison,psychic,8,0,0,0,0,0,0,n,1,,199_1_n_n.png
200,Misdreavus,ghost,none,2,0,0,0,0,0,0,n,0,,200_0_n_n.png
201,Unown-A,psychic,none,2,0,0,0,0,0,0,n,0,,201_0_n_n.png
201,Unown-B,psychic,none,2,0,0,0,0,0,0,n,1,,201_1_n_n.png
201,Unown-C,psychic,none,2,0,0,0,0,0,0,n,2,,201_2_n_n.png
201,Unown-D,psychic,none,2,0,0,0,0,0,0,n,3,,201_3_n_n.png
201,Unown-E,psychic,none,2,0,0,0,0,0,0,n,4,,201_4_n_n.png
201,Unown-F,psychic,none,2,0,0,0,0,0,0,n,5,,201_5_n_n.png
201,Unown-G,psychic,none,2,0,0,0,0,0,0,n,6,,201_6_n_n.png
201,Unown-H,psychic,none,2,0,0,0,0,0,0,n,7,,201_7_n_n.png
201,Unown-I,psychic,none,2,0,0,0,0,0,0,n,8,,201_8_n_n.png
201,Unown-J,psychic,none,2,0,0,0,0,0,0,n,9,,201_9_n_n.png
201,Unown-K,psychic,none,2,0,0,0,0,0,0,n,10,,201_010_n_n.png
201,Unown-L,psychic,none,2,0,0,0,0,0,0,n,11,,201_011_n_n.png
201,Unown-M,psychic,none,2,0,0,0,0,0,0,n,12,,201_012_n_n.png
201,Unown-N,psychic,none,2,0,0,0,0,0,0,n,13,,201_013_n_n.png
201,Unown-O,psychic,none,2,0,0,0,0,0,0,n,14,,201_014_n_n.png
201,Unown-P,psychic,none,2,0,0,0,0,0,0,n,15,,201_015_n_n.png
201,Unown-Q,psychic,none,2,0,0,0,0,0,0,n,16,,201_016_n_n.png
201,Unown-R,psychic,none,2,0,0,0,0,0,0,n,17,,201_017_n_n.png
201,Unown-S,psychic,none,2,0,0,0,0,0,0,n,18,,201_018_n_n.png
201,Unown-T,psychic,none,2,0,0,0,0,0,0,n,19,,201_019_n_n.png
201,Unown-U,psychic,none,2,0,0,0,0,0,0,n,20,,201_020_n_n.png
201,Unown-V,psychic,none,2,0,0,0,0,0,0,n,21,,201_021_n_n.png
201,Unown-W,psychic,none,2,0,0,0,0,0,0,n,22,,201_022_n_n.png
201,Unown-X,psychic,none,2,0,0,0,0,0,0,n,23,,201_023_n_n.png
201,Unown-Y,psychic,none,2,0,0,0,0,0,0,n,24,,201_024_n_n.png
201,Unown-Z,psychic,none,2,0,0,0,0,0,0,n,25,,201_025_n_n.png
201,Unown-Exclamation,psychic,none,2,0,0,0,0,0,0,n,26,,201_026_n_n.png
201,Unown-Question,psychic,none,2,0,0,0,0,0,0,n,27,,201_027_n_n.png
202,Wobbuffet,psychic,none,2,0,0,0,1,0,0,f,0,,202_0_f_n.png
202,Wobbuffet,psychic,none,2,0,0,0,1,0,0,m,0,,202_0_m_n.png
203,Girafarig,normal,psychic,2,0,0,0,1,0,0,f,0,,203_0_f_n.png
203,Girafarig,normal,psychic,2,0,0,0,1,0,0,m,0,,203_0_m_n.png
204,Pineco,bug,none,2,0,0,0,0,0,0,n,0,,204_0_n_n.png
205,Forretress,bug,steel,2,0,0,0,0,0,0,n,0,,205_0_n_n.png
206,Dunsparce,normal,none,2,0,0,0,0,0,0,n,0,,206_0_n_n.png
207,Gligar,ground,flying,2,0,0,0,1,0,0,f,0,,207_0_f_n.png
207,Gligar,ground,flying,2,0,0,0,1,0,0,m,0,,207_0_m_n.png
208,Steelix,steel,ground,2,0,0,0,1,0,0,f,0,,208_0_f_n.png
208,Steelix,steel,ground,2,0,0,0,1,0,0,m,0,,208_0_m_n.png
208,Steelix-Mega,steel,ground,2,0,0,1,1,0,0,n,1,,208_1_n_n.png
209,Snubbull,fairy,none,2,0,0,0,0,0,0,n,0,,209_0_n_n.png
210,Granbull,fairy,none,2,0,0,0,0,0,0,n,0,,210_0_n_n.png
211,Qwilfish,water,poison,2,0,0,0,0,0,0,n,0,,211_0_n_n.png
212,Scizor,bug,steel,2,0,0,0,1,0,0,f,0,,212_0_f_n.png
212,Scizor,bug,steel,2,0,0,0,1,0,0,m,0,,212_0_m_n.png
212,Scizor-Mega,bug,steel,2,0,0,1,1,0,0,n,1,,212_1_n_n.png
213,Shuckle,bug,rock,2,0,0,0,0,0,0,n,0,,213_0_n_n.png
214,Heracross,bug,fighting,2,0,0,0,1,0,0,f,0,,214_0_f_n.png
214,Heracross,bug,fighting,2,0,0,0,1,0,0,m,0,,214_0_m_n.png
214,Heracross-Mega,bug,fighting,2,0,0,1,1,0,0,n,1,,214_1_n_n.png
215,Sneasel,dark,ice,2,0,0,0,1,0,0,f,0,,215_0_f_n.png
215,Sneasel,dark,ice,2,0,0,0,1,0,0,m,0,,215_0_m_n.png
216,Teddiursa,normal,none,2,0,0,0,0,0,0,n,0,,216_0_n_n.png
217,Ursaring,normal,none,2,0,0,0,1,0,0,f,0,,217_0_f_n.png
217,Ursaring,normal,none,2,0,0,0,1,0,0,m,0,,217_0_m_n.png
218,Slugma,fire,none,2,0,0,0,0,0,0,n,0,,218_0_n_n.png
219,Magcargo,fire,rock,2,0,0,0,0,0,0,n,0,,219_0_n_n.png
220,Swinub,ice,ground,2,0,0,0,0,0,0,n,0,,220_0_n_n.png
221,Piloswine,ice,ground,2,0,0,0,1,0,0,f,0,,221_0_f_n.png
221,Piloswine,ice,ground,2,0,0,0,1,0,0,m,0,,221_0_m_n.png
222,Corsola,water,rock,2,0,0,0,0,0,0,n,0,,222_0_n_n.png
222,Corsola-Galar,ghost,none,8,0,0,0,0,0,0,n,1,,222_1_n_n.png
223,Remoraid,water,none,2,0,0,0,0,0,0,n,0,,223_0_n_n.png
224,Octillery,water,none,2,0,0,0,1,0,0,f,0,,224_0_f_n.png
224,Octillery,water,none,2,0,0,0,1,0,0,m,0,,224_0_m_n.png
225,Delibird,ice,flying,2,0,0,0,0,0,0,n,0,,225_0_n_n.png
226,Mantine,water,flying,2,0,0,0,0,0,0,n,0,,226_0_n_n.png
227,Skarmory,steel,flying,2,0,0,0,0,0,0,n,0,,227_0_n_n.png
228,Houndour,dark,fire,2,0,0,0,0,0,0,n,0,,228_0_n_n.png
229,Houndoom,dark,fire,2,0,0,0,1,0,0,f,0,,229_0_f_n.png
229,Houndoom,dark,fire,2,0,0,0,1,0,0,m,0,,229_0_m_n.png
229,Houndoom-Mega,dark,fire,2,0,0,1,1,0,0,n,1,,229_1_n_n.png
230,Kingdra,water,dragon,2,0,0,0,0,0,0,n,0,,230_0_n_n.png
231,Phanpy,ground,none,2,0,0,0,0,0,0,n,0,,231_0_n_n.png
232,Donphan,ground,none,2,0,0,0,1,0,0,f,0,,232_0_f_n.png
232,Donphan,ground,none,2,0,0,0,1,0,0,m,0,,232_0_m_n.png
233,Porygon2,normal,none,2,0,0,0,0,0,0,n,0,,233_0_n_n.png
234,Stantler,normal,none,2,0,0,0,0,0,0,n,0,,234_0_n_n.png
235,Smeargle,normal,none,2,0,0,0,0,0,0,n,0,,235_0_n_n.png
236,Tyrogue,fighting,none,2,0,0,0,0,0,0,n,0,,236_0_n_n.png
237,Hitmontop,fighting,none,2,0,0,0,0,0,0,n,0,,237_0_n_n.png
238,Smoochum,ice,psychic,2,0,0,0,0,0,0,n,0,,238_0_n_n.png
239,Elekid,electric,none,2,0,0,0,0,0,0,n,0,,239_0_n_n.png
240,Magby,fire,none,2,0,0,0,0,0,0,n,0,,240_0_n_n.png
241,Miltank,normal,none,2,0,0,0,0,0,0,n,0,,241_0_n_n.png
242,Blissey,normal,none,2,0,0,0,0,0,0,n,0,,242_0_n_n.png
243,Raikou,electric,none,2,0,0,0,0,1,0,n,0,,243_0_n_n.png
244,Entei,fire,none,2,0,0,0,0,1,0,n,0,,244_0_n_n.png
245,Suicune,water,none,2,0,0,0,0,1,0,n,0,,245_0_n_n.png
246,Larvitar,rock,ground,2,0,0,0,0,0,0,n,0,,246_0_n_n.png
247,Pupitar,rock,ground,2,0,0,0,0,0,0,n,0,,247_0_n_n.png
248,Tyranitar,rock,dark,2,0,0,0,0,0,0,n,0,,248_0_n_n.png
248,Tyranitar-Mega,rock,dark,2,0,0,1,0,0,0,n,1,,248_1_n_n.png
249,Lugia,psychic,flying,2,0,0,0,0,1,0,n,0,,249_0_n_n.png
250,Ho-Oh,fire,flying,2,0,0,0,0,1,0,n,0,,250_0_n_n.png
251,Celebi,psychic,grass,2,0,0,0,0,0,1,n,0,,251_0_n_n.png
252,Treecko,grass,none,3,1,0,0,0,0,0,n,0,,252_0_n_n.png
253,Grovyle,grass,none,3,0,0,0,0,0,0,n,0,,253_0_n_n.png
254,Sceptile,grass,none,3,0,0,0,0,0,0,n,0,,254_0_n_n.png
254,Sceptile-Mega,grass,dragon,3,0,0,1,0,0,0,n,1,,254_1_n_n.png
255,Torchic,fire,none,3,1,0,0,1,0,0,f,0,,255_0_f_n.png
256,Combusken,fire,fighting,3,0,0,0,1,0,0,f,0,,256_0_f_n.png
256,Combusken,fire,fighting,3,0,0,0,1,0,0,m,0,,256_0_m_n.png
257,Blaziken,fire,fighting,3,0,0,0,1,0,0,f,0,,257_0_f_n.png
257,Blaziken,fire,fighting,3,0,0,0,1,0,0,m,0,,257_0_m_n.png
257,Blaziken-Mega,fire,fighting,3,0,0,1,1,0,0,n,1,,257_1_n_n.png
258,Mudkip,water,none,3,1,0,0,0,0,0,n,0,,258_0_n_n.png
259,Marshtomp,water,ground,3,0,0,0,0,0,0,n,0,,259_0_n_n.png
260,Swampert,water,ground,3,0,0,0,0,0,0,n,0,,260_0_n_n.png
260,Swampert-Mega,water,ground,3,0,0,1,0,0,0,n,1,,260_1_n_n.png
261,Poochyena,dark,none,3,0,0,0,0,0,0,n,0,,261_0_n_n.png
262,Mightyena,dark,none,3,0,0,0,0,0,0,n,0,,262_0_n_n.png
263,Zigzagoon,normal,none,3,0,0,0,0,0,0,n,0,,263_0_n_n.png
263,Zigzagoon-Galar,dark,normal,8,0,0,0,0,0,0,n,1,,263_1_n_n.png
264,Linoone,normal,none,3,0,0,0,0,0,0,n,0,,264_0_n_n.png
264,Linoone-Galar,dark,normal,8,0,0,0,0,0,0,n,1,,264_1_n_n.png
265,Wurmple,bug,none,3,0,0,0,0,0,0,n,0,,265_0_n_n.png
266,Silcoon,bug,none,3,0,0,0,0,0,0,n,0,,266_0_n_n.png
267,Beautifly,bug,flying,3,0,0,0,1,0,0,f,0,,267_0_f_n.png
267,Beautifly,bug,flying,3,0,0,0,1,0,0,m,0,,267_0_m_n.png
268,Cascoon,bug,none,3,0,0,0,0,0,0,n,0,,268_0_n_n.png
269,Dustox,bug,poison,3,0,0,0,1,0,0,f,0,,269_0_f_n.png
269,Dustox,bug,poison,3,0,0,0,1,0,0,m,0,,269_0_m_n.png
270,Lotad,water,grass,3,0,0,0,0,0,0,n,0,,270_0_n_n.png
271,Lombre,water,grass,3,0,0,0,0,0,0,n,0,,271_0_n_n.png
272,Ludicolo,water,grass,3,0,0,0,1,0,0,f,0,,272_0_f_n.png
272,Ludicolo,water,grass,3,0,0,0,1,0,0,m,0,,272_0_m_n.png
273,Seedot,grass,none,3,0,0,0,0,0,0,n,0,,273_0_n_n.png
274,Nuzleaf,grass,dark,3,0,0,0,1,0,0,f,0,,274_0_f_n.png
274,Nuzleaf,grass,dark,3,0,0,0,1,0,0,m,0,,274_0_m_n.png
275,Shiftry,grass,dark,3,0,0,0,1,0,0,f,0,,275_0_f_n.png
275,Shiftry,grass,dark,3,0,0,0,1,0,0,m,0,,275_0_m_n.png
276,Taillow,normal,flying,3,0,0,0,0,0,0,n,0,,276_0_n_n.png
277,Swellow,normal,flying,3,0,0,0,0,0,0,n,0,,277_0_n_n.png
278,Wingull,water,flying,3,0,0,0,0,0,0,n,0,,278_0_n_n.png
279,Pelipper,water,flying,3,0,0,0,0,0,0,n,0,,279_0_n_n.png
280,Ralts,psychic,fairy,3,0,0,0,0,0,0,n,0,,280_0_n_n.png
281,Kirlia,psychic,fairy,3,0,0,0,0,0,0,n,0,,281_0_n_n.png
282,Gardevoir,psychic,fairy,3,0,0,0,0,0,0,n,0,,282_0_n_n.png
282,Gardevoir-Mega,psychic,fairy,3,0,0,1,0,0,0,n,1,,282_1_n_n.png
283,Surskit,bug,water,3,0,0,0,0,0,0,n,0,,283_0_n_n.png
284,Masquerain,bug,flying,3,0,0,0,0,0,0,n,0,,284_0_n_n.png
285,Shroomish,grass,none,3,0,0,0,0,0,0,n,0,,285_0_n_n.png
286,Breloom,grass,fighting,3,0,0,0,0,0,0,n,0,,286_0_n_n.png
287,Slakoth,normal,none,3,0,0,0,0,0,0,n,0,,287_0_n_n.png
288,Vigoroth,normal,none,3,0,0,0,0,0,0,n,0,,288_0_n_n.png
289,Slaking,normal,none,3,0,0,0,0,0,0,n,0,,289_0_n_n.png
290,Nincada,bug,ground,3,0,0,0,0,0,0,n,0,,290_0_n_n.png
291,Ninjask,bug,flying,3,0,0,0,0,0,0,n,0,,291_0_n_n.png
292,Shedinja,bug,ghost,3,0,0,0,0,0,0,n,0,,292_0_n_n.png
293,Whismur,normal,none,3,0,0,0,0,0,0,n,0,,293_0_n_n.png
294,Loudred,normal,none,3,0,0,0,0,0,0,n,0,,294_0_n_n.png
295,Exploud,normal,none,3,0,0,0,0,0,0,n,0,,295_0_n_n.png
296,Makuhita,fighting,none,3,0,0,0,0,0,0,n,0,,296_0_n_n.png
297,Hariyama,fighting,none,3,0,0,0,0,0,0,n,0,,297_0_n_n.png
298,Azurill,normal,fairy,3,0,0,0,0,0,0,n,0,,298_0_n_n.png
299,Nosepass,rock,none,3,0,0,0,0,0,0,n,0,,299_0_n_n.png
300,Skitty,normal,none,3,0,0,0,0,0,0,n,0,,300_0_n_n.png
301,Delcatty,normal,none,3,0,0,0,0,0,0,n,0,,301_0_n_n.png
302,Sableye,dark,ghost,3,0,0,0,0,0,0,n,0,,302_0_n_n.png
302,Sableye-Mega,dark,ghost,3,0,0,1,0,0,0,n,1,,302_1_n_n.png
303,Mawile,steel,fairy,3,0,0,0,0,0,0,n,0,,303_0_n_n.png
303,Mawile-Mega,steel,fairy,3,0,0,1,0,0,0,n,1,,303_1_n_n.png
304,Aron,steel,rock,3,0,0,0,0,0,0,n,0,,304_0_n_n.png
305,Lairon,steel,rock,3,0,0,0,0,0,0,n,0,,305_0_n_n.png
306,Aggron,steel,rock,3,0,0,0,0,0,0,n,0,,306_0_n_n.png
306,Aggron-Mega,steel,none,3,0,0,1,0,0,0,n,1,,306_1_n_n.png
307,Meditite,fighting,psychic,3,0,0,0,1,0,0,f,0,,307_0_f_n.png
307,Meditite,fighting,psychic,3,0,0,0,1,0,0,m,0,,307_0_m_n.png
308,Medicham,fighting,psychic,3,0,0,0,1,0,0,f,0,,308_0_f_n.png
308,Medicham,fighting,psychic,3,0,0,0,1,0,0,m,0,,308_0_m_n.png
308,Medicham-Mega,fighting,psychic,3,0,0,1,1,0,0,n,1,,308_1_n_n.png
309,Electrike,electric,none,3,0,0,0,0,0,0,n,0,,309_0_n_n.png
310,Manectric,electric,none,3,0,0,0,0,0,0,n,0,,310_0_n_n.png
310,Manectric-Mega,electric,none,3,0,0,1,0,0,0,n,1,,310_1_n_n.png
311,Plusle,electric,none,3,0,0,0,0,0,0,n,0,,311_0_n_n.png
312,Minun,electric,none,3,0,0,0,0,0,0,n,0,,312_0_n_n.png
313,Volbeat,bug,none,3,0,0,0,0,0,0,n,0,,313_0_n_n.png
314,Illumise,bug,none,3,0,0,0,0,0,0,n,0,,314_0_n_n.png
315,Roselia,grass,poison,3,0,0,0,1,0,0,f,0,,315_0_f_n.png
315,Roselia,grass,poison,3,0,0,0,1,0,0,m,0,,315_0_m_n.png
316,Gulpin,poison,none,3,0,0,0,1,0,0,f,0,,316_0_f_n.png
316,Gulpin,poison,none,3,0,0,0,1,0,0,m,0,,316_0_m_n.png
317,Swalot,poison,none,3,0,0,0,1,0,0,f,0,,317_0_f_n.png
317,Swalot,poison,none,3,0,0,0,1,0,0,m,0,,317_0_m_n.png
318,Carvanha,water,dark,3,0,0,0,0,0,0,n,0,,318_0_n_n.png
319,Sharpedo,water,dark,3,0,0,0,0,0,0,n,0,,319_0_n_n.png
319,Sharpedo-Mega,water,dark,3,0,0,1,0,0,0,n,1,,319_1_n_n.png
320,Wailmer,water,none,3,0,0,0,0,0,0,n,0,,320_0_n_n.png
321,Wailord,water,none,3,0,0,0,0,0,0,n,0,,321_0_n_n.png
322,Numel,fire,ground,3,0,0,0,1,0,0,f,0,,322_0_f_n.png
322,Numel,fire,ground,3,0,0,0,1,0,0,m,0,,322_0_m_n.png
323,Camerupt,fire,ground,3,0,0,0,1,0,0,f,0,,323_0_f_n.png
323,Camerupt,fire,ground,3,0,0,0,1,0,0,m,0,,323_0_m_n.png
323,Camerupt-Mega,fire,ground,3,0,0,1,1,0,0,n,1,,323_1_n_n.png
324,Torkoal,fire,none,3,0,0,0,0,0,0,n,0,,324_0_n_n.png
325,Spoink,psychic,none,3,0,0,0,0,0,0,n,0,,325_0_n_n.png
326,Grumpig,psychic,none,3,0,0,0,0,0,0,n,0,,326_0_n_n.png
327,Spinda,normal,none,3,0,0,0,0,0,0,n,0,,327_0_n_n.png
328,Trapinch,ground,none,3,0,0,0,0,0,0,n,0,,328_0_n_n.png
329,Vibrava,ground,dragon,3,0,0,0,0,0,0,n,0,,329_0_n_n.png
330,Flygon,ground,dragon,3,0,0,0,0,0,0,n,0,,330_0_n_n.png
331,Cacnea,grass,none,3,0,0,0,0,0,0,n,0,,331_0_n_n.png
332,Cacturne,grass,dark,3,0,0,0,1,0,0,f,0,,332_0_f_n.png
332,Cacturne,grass,dark,3,0,0,0,1,0,0,m,0,,332_0_m_n.png
333,Swablu,normal,flying,3,0,0,0,0,0,0,n,0,,333_0_n_n.png
334,Altaria,dragon,flying,3,0,0,0,0,0,0,n,0,,334_0_n_n.png
334,Altaria-Mega,dragon,fairy,3,0,0,1,0,0,0,n,1,,334_1_n_n.png
335,Zangoose,normal,none,3,0,0,0,0,0,0,n,0,,335_0_n_n.png
336,Seviper,poison,none,3,0,0,0,0,0,0,n,0,,336_0_n_n.png
337,Lunatone,rock,psychic,3,0,0,0,0,0,0,n,0,,337_0_n_n.png
338,Solrock,rock,psychic,3,0,0,0,0,0,0,n,0,,338_0_n_n.png
339,Barboach,water,ground,3,0,0,0,0,0,0,n,0,,339_0_n_n.png
340,Whiscash,water,ground,3,0,0,0,0,0,0,n,0,,340_0_n_n.png
341,Corphish,water,none,3,0,0,0,0,0,0,n,0,,341_0_n_n.png
342,Crawdaunt,water,dark,3,0,0,0,0,0,0,n,0,,342_0_n_n.png
343,Baltoy,ground,psychic,3,0,0,0,0,0,0,n,0,,343_0_n_n.png
344,Claydol,ground,psychic,3,0,0,0,0,0,0,n,0,,344_0_n_n.png
345,Lileep,rock,grass,3,0,0,0,0,0,0,n,0,,345_0_n_n.png
346,Cradily,rock,grass,3,0,0,0,0,0,0,n,0,,346_0_n_n.png
347,Anorith,rock,bug,3,0,0,0,0,0,0,n,0,,347_0_n_n.png
348,Armaldo,rock,bug,3,0,0,0,0,0,0,n,0,,348_0_n_n.png
349,Feebas,water,none,3,0,0,0,0,0,0,n,0,,349_0_n_n.png
350,Milotic,water,none,3,0,0,0,1,0,0,f,0,,350_0_f_n.png
350,Milotic,water,none,3,0,0,0,1,0,0,m,0,,350_0_m_n.png
351,Castform,normal,none,3,0,0,0,0,0,0,n,0,,351_0_n_n.png
351,Castform-Sunny,fire,none,3,0,0,0,0,0,0,n,1,,351_1_n_n.png
351,Castform-Rainy,water,none,3,0,0,0,0,0,0,n,2,,351_2_n_n.png
351,Castform-Snowy,ice,none,3,0,0,0,0,0,0,n,3,,351_3_n_n.png
352,Kecleon,normal,none,3,0,0,0,0,0,0,n,0,,352_0_n_n.png
353,Shuppet,ghost,none,3,0,0,0,0,0,0,n,0,,353_0_n_n.png
354,Banette,ghost,none,3,0,0,0,0,0,0,n,0,,354_0_n_n.png
354,Banette-Mega,ghost,none,3,0,0,1,0,0,0,n,1,,354_1_n_n.png
355,Duskull,ghost,none,3,0,0,0,0,0,0,n,0,,355_0_n_n.png
356,Dusclops,ghost,none,3,0,0,0,0,0,0,n,0,,356_0_n_n.png
357,Tropius,grass,flying,3,0,0,0,0,0,0,n,0,,357_0_n_n.png
358,Chimecho,psychic,none,3,0,0,0,0,0,0,n,0,,358_0_n_n.png
359,Absol,dark,none,3,0,0,0,0,0,0,n,0,,359_0_n_n.png
359,Absol-Mega,dark,none,3,0,0,1,0,0,0,n,1,,359_1_n_n.png
360,Wynaut,psychic,none,3,0,0,0,0,0,0,n,0,,360_0_n_n.png
361,Snorunt,ice,none,3,0,0,0,0,0,0,n,0,,361_0_n_n.png
362,Glalie,ice,none,3,0,0,0,0,0,0,n,0,,362_0_n_n.png
362,Glalie-Mega,ice,none,3,0,0,1,0,0,0,n,1,,362_1_n_n.png
363,Spheal,ice,water,3,0,0,0,0,0,0,n,0,,363_0_n_n.png
364,Sealeo,ice,water,3,0,0,0,0,0,0,n,0,,364_0_n_n.png
365,Walrein,ice,water,3,0,0,0,0,0,0,n,0,,365_0_n_n.png
366,Clamperl,water,none,3,0,0,0,0,0,0,n,0,,366_0_n_n.png
367,Huntail,water,none,3,0,0,0,0,0,0,n,0,,367_0_n_n.png
368,Gorebyss,water,none,3,0,0,0,0,0,0,n,0,,368_0_n_n.png
369,Relicanth,water,rock,3,0,0,0,1,0,0,f,0,,369_0_f_n.png
369,Relicanth,water,rock,3,0,0,0,1,0,0,m,0,,369_0_m_n.png
370,Luvdisc,water,none,3,0,0,0,0,0,0,n,0,,370_0_n_n.png
371,Bagon,dragon,none,3,0,0,0,0,0,0,n,0,,371_0_n_n.png
372,Shelgon,dragon,none,3,0,0,0,0,0,0,n,0,,372_0_n_n.png
373,Salamence,dragon,flying,3,0,0,0,0,0,0,n,0,,373_0_n_n.png
373,Salamence-Mega,dragon,flying,3,0,0,1,0,0,0,n,1,,373_1_n_n.png
374,Beldum,steel,psychic,3,0,0,0,0,0,0,n,0,,374_0_n_n.png
375,Metang,steel,psychic,3,0,0,0,0,0,0,n,0,,375_0_n_n.png
376,Metagross,steel,psychic,3,0,0,0,0,0,0,n,0,,376_0_n_n.png
376,Metagross-Mega,steel,psychic,3,0,0,1,0,0,0,n,1,,376_1_n_n.png
377,Regirock,rock,none,3,0,0,0,0,1,0,n,0,,377_0_n_n.png
378,Regice,ice,none,3,0,0,0,0,1,0,n,0,,378_0_n_n.png
379,Registeel,steel,none,3,0,0,0,0,1,0,n,0,,379_0_n_n.png
380,Latias,dragon,psychic,3,0,0,0,0,1,0,n,0,,380_0_n_n.png
380,Latias-Mega,dragon,psychic,3,0,0,1,0,1,0,n,1,,380_1_n_n.png
381,Latios,dragon,psychic,3,0,0,0,0,1,0,n,0,,381_0_n_n.png
381,Latios-Mega,dragon,psychic,3,0,0,1,0,1,0,n,1,,381_1_n_n.png
382,Kyogre,water,none,3,0,0,0,0,1,0,n,0,,382_0_n_n.png
382,Kyogre-Primal,water,none,3,0,0,0,0,1,0,n,1,,382_1_n_n.png
383,Groudon,ground,none,3,0,0,0,0,1,0,n,0,,383_0_n_n.png
383,Groudon-Primal,ground,fire,3,0,0,0,0,1,0,n,1,,383_1_n_n.png
384,Rayquaza,dragon,flying,3,0,0,0,0,1,0,n,0,,384_0_n_n.png
384,Rayquaza-Mega,dragon,flying,3,0,0,1,0,1,0,n,1,,384_1_n_n.png
385,Jirachi,steel,psychic,3,0,0,0,0,0,1,n,0,,385_0_n_n.png
386,Deoxys-Normal,psychic,none,3,0,0,0,0,0,1,n,0,,386_0_n_n.png
386,Deoxys-Attack,psychic,none,3,0,0,0,0,0,1,n,1,,386_1_n_n.png
386,Deoxys-Defense,psychic,none,3,0,0,0,0,0,1,n,2,,386_2_n_n.png
386,Deoxys-Speed,psychic,none,3,0,0,0,0,0,1,n,3,,386_3_n_n.png
387,Turtwig,grass,none,4,1,0,0,0,0,0,n,0,,387_0_n_n.png
388,Grotle,grass,none,4,0,0,0,0,0,0,n,0,,388_0_n_n.png
389,Torterra,grass,ground,4,0,0,0,0,0,0,n,0,,389_0_n_n.png
390,Chimchar,fire,none,4,1,0,0,0,0,0,n,0,,390_0_n_n.png
391,Monferno,fire,fighting,4,0,0,0,0,0,0,n,0,,391_0_n_n.png
392,Infernape,fire,fighting,4,0,0,0,0,0,0,n,0,,392_0_n_n.png
393,Piplup,water,none,4,1,0,0,0,0,0,n,0,,393_0_n_n.png
394,Prinplup,water,none,4,0,0,0,0,0,0,n,0,,394_0_n_n.png
395,Empoleon,water,steel,4,0,0,0,0,0,0,n,0,,395_0_n_n.png
396,Starly,normal,flying,4,0,0,0,1,0,0,f,0,,396_0_f_n.png
396,Starly,normal,flying,4,0,0,0,1,0,0,m,0,,396_0_m_n.png
397,Staravia,normal,flying,4,0,0,0,1,0,0,f,0,,397_0_f_n.png
397,Staravia,normal,flying,4,0,0,0,1,0,0,m,0,,397_0_m_n.png
398,Staraptor,normal,flying,4,0,0,0,1,0,0,f,0,,398_0_f_n.png
398,Staraptor,normal,flying,4,0,0,0,1,0,0,m,0,,398_0_m_n.png
399,Bidoof,normal,none,4,0,0,0,1,0,0,f,0,,399_0_f_n.png
399,Bidoof,normal,none,4,0,0,0,1,0,0,m,0,,399_0_m_n.png
400,Bibarel,normal,water,4,0,0,0,1,0,0,f,0,,400_0_f_n.png
400,Bibarel,normal,water,4,0,0,0,1,0,0,m,0,,400_0_m_n.png
401,Kricketot,bug,none,4,0,0,0,1,0,0,f,0,,401_0_f_n.png
401,Kricketot,bug,none,4,0,0,0,1,0,0,m,0,,401_0_m_n.png
402,Kricketune,bug,none,4,0,0,0,1,0,0,f,0,,402_0_f_n.png
402,Kricketune,bug,none,4,0,0,0,1,0,0,m,0,,402_0_m_n.png
403,Shinx,electric,none,4,0,0,0,1,0,0,f,0,,403_0_f_n.png
403,Shinx,electric,none,4,0,0,0,1,0,0,m,0,,403_0_m_n.png
404,Luxio,electric,none,4,0,0,0,1,0,0,f,0,,404_0_f_n.png
404,Luxio,electric,none,4,0,0,0,1,0,0,m,0,,404_0_m_n.png
405,Luxray,electric,none,4,0,0,0,1,0,0,f,0,,405_0_f_n.png
405,Luxray,electric,none,4,0,0,0,1,0,0,m,0,,405_0_m_n.png
406,Budew,grass,poison,4,0,0,0,0,0,0,n,0,,406_0_n_n.png
407,Roserade,grass,poison,4,0,0,0,1,0,0,f,0,,407_0_f_n.png
407,Roserade,grass,poison,4,0,0,0,1,0,0,m,0,,407_0_m_n.png
408,Cranidos,rock,none,4,0,0,0,0,0,0,n,0,,408_0_n_n.png
409,Rampardos,rock,none,4,0,0,0,0,0,0,n,0,,409_0_n_n.png
410,Shieldon,rock,steel,4,0,0,0,0,0,0,n,0,,410_0_n_n.png
411,Bastiodon,rock,steel,4,0,0,0,0,0,0,n,0,,411_0_n_n.png
412,Burmy-Plant,bug,none,4,0,0,0,0,0,0,n,0,,412_0_n_n.png
412,Burmy-Sandy,bug,none,4,0,0,0,0,0,0,n,1,,412_1_n_n.png
412,Burmy-Trash,bug,none,4,0,0,0,0,0,0,n,2,,412_2_n_n.png
413,Wormadam-Plant,bug,grass,4,0,0,0,0,0,0,n,0,,413_0_n_n.png
413,Wormadam-Sandy,bug,ground,4,0,0,0,0,0,0,n,1,,413_1_n_n.png
413,Wormadam-Trash,bug,steel,4,0,0,0,0,0,0,n,2,,413_2_n_n.png
414,Mothim-Plant,bug,flying,4,0,0,0,0,0,0,n,0,,414_0_n_n.png
415,Combee,bug,flying,4,0,0,0,1,0,0,f,0,,415_0_f_n.png
415,Combee,bug,flying,4,0,0,0,1,0,0,m,0,,415_0_m_n.png
416,Vespiquen,bug,flying,4,0,0,0,0,0,0,n,0,,416_0_n_n.png
417,Pachirisu,electric,none,4,0,0,0,1,0,0,f,0,,417_0_f_n.png
417,Pachirisu,electric,none,4,0,0,0,1,0,0,m,0,,417_0_m_n.png
418,Buizel,water,none,4,0,0,0,1,0,0,f,0,,418_0_f_n.png
418,Buizel,water,none,4,0,0,0,1,0,0,m,0,,418_0_m_n.png
419,Floatzel,water,none,4,0,0,0,1,0,0,f,0,,419_0_f_n.png
419,Floatzel,water,none,4,0,0,0,1,0,0,m,0,,419_0_m_n.png
420,Cherubi,grass,none,4,0,0,0,0,0,0,n,0,,420_0_n_n.png
421,Cherrim-Overcast,grass,none,4,0,0,0,0,0,0,n,0,,421_0_n_n.png
421,Cherrim-Sunshine,grass,none,4,0,0,0,0,0,0,n,1,,421_1_n_n.png
422,Shellos-West,water,none,4,0,0,0,0,0,0,n,0,,422_0_n_n.png
422,Shellos-East,water,none,4,0,0,0,0,0,0,n,1,,422_1_n_n.png
423,Gastrodon-West,water,ground,4,0,0,0,0,0,0,n,0,,423_0_n_n.png
423,Gastrodon-East,water,ground,4,0,0,0,0,0,0,n,1,,423_1_n_n.png
424,Ambipom,normal,none,4,0,0,0,1,0,0,f,0,,424_0_f_n.png
424,Ambipom,normal,none,4,0,0,0,1,0,0,m,0,,424_0_m_n.png
425,Drifloon,ghost,flying,4,0,0,0,0,0,0,n,0,,425_0_n_n.png
426,Drifblim,ghost,flying,4,0,0,0,0,0,0,n,0,,426_0_n_n.png
427,Buneary,normal,none,4,0,0,0,0,0,0,n,0,,427_0_n_n.png
428,Lopunny,normal,none,4,0,0,0,0,0,0,n,0,,428_0_n_n.png
428,Lopunny-Mega,normal,fighting,4,0,0,1,0,0,0,n,1,,428_1_n_n.png
429,Mismagius,ghost,none,4,0,0,0,0,0,0,n,0,,429_0_n_n.png
430,Honchkrow,dark,flying,4,0,0,0,0,0,0,n,0,,430_0_n_n.png
431,Glameow,normal,none,4,0,0,0,0,0,0,n,0,,431_0_n_n.png
432,Purugly,normal,none,4,0,0,0,0,0,0,n,0,,432_0_n_n.png
433,Chingling,psychic,none,4,0,0,0,0,0,0,n,0,,433_0_n_n.png
434,Stunky,poison,dark,4,0,0,0,0,0,0,n,0,,434_0_n_n.png
435,Skuntank,poison,dark,4,0,0,0,0,0,0,n,0,,435_0_n_n.png
436,Bronzor,steel,psychic,4,0,0,0,0,0,0,n,0,,436_0_n_n.png
437,Bronzong,steel,psychic,4,0,0,0,0,0,0,n,0,,437_0_n_n.png
438,Bonsly,rock,none,4,0,0,0,0,0,0,n,0,,438_0_n_n.png
439,Mime-Jr,psychic,fairy,4,0,0,0,0,0,0,n,0,,439_0_n_n.png
440,Happiny,normal,none,4,0,0,0,0,0,0,n,0,,440_0_n_n.png
441,Chatot,normal,flying,4,0,0,0,0,0,0,n,0,,441_0_n_n.png
442,Spiritomb,ghost,dark,4,0,0,0,0,0,0,n,0,,442_0_n_n.png
443,Gible,dragon,ground,4,0,0,0,1,0,0,f,0,,443_0_f_n.png
443,Gible,dragon,ground,4,0,0,0,1,0,0,m,0,,443_0_m_n.png
444,Gabite,dragon,ground,4,0,0,0,1,0,0,f,0,,444_0_f_n.png
444,Gabite,dragon,ground,4,0,0,0,1,0,0,m,0,,444_0_m_n.png
445,Garchomp,dragon,ground,4,0,0,0,1,0,0,f,0,,445_0_f_n.png
445,Garchomp,dragon,ground,4,0,0,0,1,0,0,m,0,,445_0_m_n.png
445,Garchomp-Mega,dragon,ground,4,0,0,1,1,0,0,n,1,,445_1_n_n.png
446,Munchlax,normal,none,4,0,0,0,0,0,0,n,0,,446_0_n_n.png
447,Riolu,fighting,none,4,0,0,0,0,0,0,n,0,,447_0_n_n.png
448,Lucario,fighting,steel,4,0,0,0,0,0,0,n,0,,448_0_n_n.png
448,Lucario-Mega,fighting,steel,4,0,0,1,0,0,0,n,1,,448_1_n_n.png
449,Hippopotas,ground,none,4,0,0,0,1,0,0,f,0,,449_0_f_n.png
449,Hippopotas,ground,none,4,0,0,0,1,0,0,m,0,,449_0_m_n.png
450,Hippowdon,ground,none,4,0,0,0,1,0,0,f,0,,450_0_f_n.png
450,Hippowdon,ground,none,4,0,0,0,1,0,0,m,0,,450_0_m_n.png
451,Skorupi,poison,bug,4,0,0,0,0,0,0,n,0,,451_0_n_n.png
452,Drapion,poison,dark,4,0,0,0,0,0,0,n,0,,452_0_n_n.png
453,Croagunk,poison,fighting,4,0,0,0,1,0,0,f,0,,453_0_f_n.png
453,Croagunk,poison,fighting,4,0,0,0,1,0,0,m,0,,453_0_m_n.png
454,Toxicroak,poison,fighting,4,0,0,0,1,0,0,f,0,,454_0_f_n.png
454,Toxicroak,poison,fighting,4,0,0,0,1,0,0,m,0,,454_0_m_n.png
455,Carnivine,grass,none,4,0,0,0,0,0,0,n,0,,455_0_n_n.png
456,Finneon,water,none,4,0,0,0,1,0,0,f,0,,456_0_f_n.png
456,Finneon,water,none,4,0,0,0,1,0,0,m,0,,456_0_m_n.png
457,Lumineon,water,none,4,0,0,0,1,0,0,f,0,,457_0_f_n.png
457,Lumineon,water,none,4,0,0,0,1,0,0,m,0,,457_0_m_n.png
458,Mantyke,water,flying,4,0,0,0,0,0,0,n,0,,458_0_n_n.png
459,Snover,grass,ice,4,0,0,0,1,0,0,f,0,,459_0_f_n.png
459,Snover,grass,ice,4,0,0,0,1,0,0,m,0,,459_0_m_n.png
460,Abomasnow,grass,ice,4,0,0,0,1,0,0,f,0,,460_0_f_n.png
460,Abomasnow,grass,ice,4,0,0,0,1,0,0,m,0,,460_0_m_n.png
460,Abomasnow-Mega,grass,ice,4,0,0,1,1,0,0,n,1,,460_1_n_n.png
461,Weavile,dark,ice,4,0,0,0,1,0,0,f,0,,461_0_f_n.png
461,Weavile,dark,ice,4,0,0,0,1,0,0,m,0,,461_0_m_n.png
462,Magnezone,electric,steel,4,0,0,0,0,0,0,n,0,,462_0_n_n.png
463,Lickilicky,normal,none,4,0,0,0,0,0,0,n,0,,463_0_n_n.png
464,Rhyperior,ground,rock,4,0,0,0,1,0,0,f,0,,464_0_f_n.png
464,Rhyperior,ground,rock,4,0,0,0,1,0,0,m,0,,464_0_m_n.png
465,Tangrowth,grass,none,4,0,0,0,1,0,0,f,0,,465_0_f_n.png
465,Tangrowth,grass,none,4,0,0,0,1,0,0,m,0,,465_0_m_n.png
466,Electivire,electric,none,4,0,0,0,0,0,0,n,0,,466_0_n_n.png
467,Magmortar,fire,none,4,0,0,0,0,0,0,n,0,,467_0_n_n.png
468,Togekiss,fairy,flying,4,0,0,0,0,0,0,n,0,,468_0_n_n.png
469,Yanmega,bug,flying,4,0,0,0,0,0,0,n,0,,469_0_n_n.png
470,Leafeon,grass,none,4,0,0,0,0,0,0,n,0,,470_0_n_n.png
471,Glaceon,ice,none,4,0,0,0,0,0,0,n,0,,471_0_n_n.png
472,Gliscor,ground,flying,4,0,0,0,0,0,0,n,0,,472_0_n_n.png
473,Mamoswine,ice,ground,4,0,0,0,1,0,0,f,0,,473_0_f_n.png
473,Mamoswine,ice,ground,4,0,0,0,1,0,0,m,0,,473_0_m_n.png
474,Porygon-Z,normal,none,4,0,0,0,0,0,0,n,0,,474_0_n_n.png
475,Gallade,psychic,fighting,4,0,0,0,0,0,0,n,0,,475_0_n_n.png
475,Gallade-Mega,psychic,fighting,4,0,0,1,0,0,0,n,1,,475_1_n_n.png
476,Probopass,rock,steel,4,0,0,0,0,0,0,n,0,,476_0_n_n.png
477,Dusknoir,ghost,none,4,0,0,0,0,0,0,n,0,,477_0_n_n.png
478,Froslass,ice,ghost,4,0,0,0,0,0,0,n,0,,478_0_n_n.png
479,Rotom,electric,ghost,4,0,0,0,0,0,0,n,0,,479_0_n_n.png
479,Rotom-Heat,electric,fire,4,0,0,0,0,0,0,n,1,,479_1_n_n.png
479,Rotom-Wash,electric,water,4,0,0,0,0,0,0,n,2,,479_2_n_n.png
479,Rotom-Frost,electric,ice,4,0,0,0,0,0,0,n,3,,479_3_n_n.png
479,Rotom-Fan,electric,flying,4,0,0,0,0,0,0,n,4,,479_4_n_n.png
479,Rotom-Mow,electric,grass,4,0,0,0,0,0,0,n,5,,479_5_n_n.png
480,Uxie,psychic,none,4,0,0,0,0,1,0,n,0,,480_0_n_n.png
481,Mesprit,psychic,none,4,0,0,0,0,1,0,n,0,,481_0_n_n.png
482,Azelf,psychic,none,4,0,0,0,0,1,0,n,0,,482_0_n_n.png
483,Dialga,steel,dragon,4,0,0,0,0,1,0,n,0,,483_0_n_n.png
484,Palkia,water,dragon,4,0,0,0,0,1,0,n,0,,484_0_n_n.png
485,Heatran,fire,steel,4,0,0,0,0,1,0,n,0,,485_0_n_n.png
486,Regigigas,normal,none,4,0,0,0,0,1,0,n,0,,486_0_n_n.png
487,Giratina-Altered,ghost,dragon,4,0,0,0,0,1,0,n,0,,487_0_n_n.png
487,Giratina-Origin,ghost,dragon,4,0,0,0,0,1,0,n,1,,487_1_n_n.png
488,Cresselia,psychic,none,4,0,0,0,0,1,0,n,0,,488_0_n_n.png
489,Phione,water,none,4,0,0,0,0,0,1,n,0,,489_0_n_n.png
490,Manaphy,water,none,4,0,0,0,0,0,1,n,0,,490_0_n_n.png
491,Darkrai,dark,none,4,0,0,0,0,0,1,n,0,,491_0_n_n.png
492,Shaymin-Land,grass,none,4,0,0,0,0,0,1,n,0,,492_0_n_n.png
492,Shaymin-Sky,grass,flying,4,0,0,0,0,0,1,n,1,,492_1_n_n.png
493,Arceus-Normal,normal,none,4,0,0,0,0,0,1,n,0,,493_0_n_n.png
493,Arceus-Bug,bug,none,4,0,0,0,0,0,1,n,6,,493_6_n_n.png
493,Arceus-Dark,dark,none,4,0,0,0,0,0,1,n,16,,493_016_n_n.png
493,Arceus-Dragon,dragon,none,4,0,0,0,0,0,1,n,15,,493_015_n_n.png
493,Arceus-Electric,electric,none,4,0,0,0,0,0,1,n,12,,493_012_n_n.png
493,Arceus-Fighting,fighting,none,4,0,0,0,0,0,1,n,1,,493_1_n_n.png
493,Arceus-Fire,fire,none,4,0,0,0,0,0,1,n,9,,493_9_n_n.png
493,Arceus-Flying,flying,none,4,0,0,0,0,0,1,n,2,,493_2_n_n.png
493,Arceus-Ghost,ghost,none,4,0,0,0,0,0,1,n,7,,493_7_n_n.png
493,Arceus-Grass,grass,none,4,0,0,0,0,0,1,n,11,,493_011_n_n.png
493,Arceus-Ground,ground,none,4,0,0,0,0,0,1,n,4,,493_4_n_n.png
493,Arceus-Ice,ice,none,4,0,0,0,0,0,1,n,14,,493_014_n_n.png
493,Arceus-Poison,poison,none,4,0,0,0,0,0,1,n,3,,493_3_n_n.png
493,Arceus-Psychic,psychic,none,4,0,0,0,0,0,1,n,13,,493_013_n_n.png
493,Arceus-Rock,rock,none,4,0,0,0,0,0,1,n,5,,493_5_n_n.png
493,Arceus-Steel,steel,none,4,0,0,0,0,0,1,n,8,,493_8_n_n.png
493,Arceus-Water,water,none,4,0,0,0,0,0,1,n,10,,493_010_n_n.png
493,Arceus-Fairy,fairy,none,4,0,0,0,0,0,1,n,17,,493_017_n_n.png
494,Victini,psychic,fire,5,0,0,0,0,0,1,n,0,,494_0_n_n.png
495,Snivy,grass,none,5,1,0,0,0,0,0,n,0,,495_0_n_n.png
496,Servine,grass,none,5,0,0,0,0,0,0,n,0,,496_0_n_n.png
497,Serperior,grass,none,5,0,0,0,0,0,0,n,0,,497_0_n_n.png
498,Tepig,fire,none,5,1,0,0,0,0,0,n,0,,498_0_n_n.png
499,Pignite,fire,fighting,5,0,0,0,0,0,0,n,0,,499_0_n_n.png
500,Emboar,fire,fighting,5,0,0,0,0,0,0,n,0,,500_0_n_n.png
501,Oshawott,water,none,5,1,0,0,0,0,0,n,0,,501_0_n_n.png
502,Dewott,water,none,5,0,0,0,0,0,0,n,0,,502_0_n_n.png
503,Samurott,water,none,5,0,0,0,0,0,0,n,0,,503_0_n_n.png
504,Patrat,normal,none,5,0,0,0,0,0,0,n,0,,504_0_n_n.png
505,Watchog,normal,none,5,0,0,0,0,0,0,n,0,,505_0_n_n.png
506,Lillipup,normal,none,5,0,0,0,0,0,0,n,0,,506_0_n_n.png
507,Herdier,normal,none,5,0,0,0,0,0,0,n,0,,507_0_n_n.png
508,Stoutland,normal,none,5,0,0,0,0,0,0,n,0,,508_0_n_n.png
509,Purrloin,dark,none,5,0,0,0,0,0,0,n,0,,509_0_n_n.png
510,Liepard,dark,none,5,0,0,0,0,0,0,n,0,,510_0_n_n.png
511,Pansage,grass,none,5,0,0,0,0,0,0,n,0,,511_0_n_n.png
512,Simisage,grass,none,5,0,0,0,0,0,0,n,0,,512_0_n_n.png
513,Pansear,fire,none,5,0,0,0,0,0,0,n,0,,513_0_n_n.png
514,Simisear,fire,none,5,0,0,0,0,0,0,n,0,,514_0_n_n.png
515,Panpour,water,none,5,0,0,0,0,0,0,n,0,,515_0_n_n.png
516,Simipour,water,none,5,0,0,0,0,0,0,n,0,,516_0_n_n.png
517,Munna,psychic,none,5,0,0,0,0,0,0,n,0,,517_0_n_n.png
518,Musharna,psychic,none,5,0,0,0,0,0,0,n,0,,518_0_n_n.png
519,Pidove,normal,flying,5,0,0,0,0,0,0,n,0,,519_0_n_n.png
520,Tranquill,normal,flying,5,0,0,0,0,0,0,n,0,,520_0_n_n.png
521,Unfezant,normal,flying,5,0,0,0,1,0,0,f,0,,521_0_f_n.png
521,Unfezant,normal,flying,5,0,0,0,1,0,0,m,0,,521_0_m_n.png
522,Blitzle,electric,none,5,0,0,0,0,0,0,n,0,,522_0_n_n.png
523,Zebstrika,electric,none,5,0,0,0,0,0,0,n,0,,523_0_n_n.png
524,Roggenrola,rock,none,5,0,0,0,0,0,0,n,0,,524_0_n_n.png
525,Boldore,rock,none,5,0,0,0,0,0,0,n,0,,525_0_n_n.png
526,Gigalith,rock,none,5,0,0,0,0,0,0,n,0,,526_0_n_n.png
527,Woobat,psychic,flying,5,0,0,0,0,0,0,n,0,,527_0_n_n.png
528,Swoobat,psychic,flying,5,0,0,0,0,0,0,n,0,,528_0_n_n.png
529,Drilbur,ground,none,5,0,0,0,0,0,0,n,0,,529_0_n_n.png
530,Excadrill,ground,steel,5,0,0,0,0,0,0,n,0,,530_0_n_n.png
531,Audino,normal,none,5,0,0,0,0,0,0,n,0,,531_0_n_n.png
531,Audino-Mega,normal,fairy,5,0,0,1,0,0,0,n,1,,531_1_n_n.png
532,Timburr,fighting,none,5,0,0,0,0,0,0,n,0,,532_0_n_n.png
533,Gurdurr,fighting,none,5,0,0,0,0,0,0,n,0,,533_0_n_n.png
534,Conkeldurr,fighting,none,5,0,0,0,0,0,0,n,0,,534_0_n_n.png
535,Tympole,water,none,5,0,0,0,0,0,0,n,0,,535_0_n_n.png
536,Palpitoad,water,ground,5,0,0,0,0,0,0,n,0,,536_0_n_n.png
537,Seismitoad,water,ground,5,0,0,0,0,0,0,n,0,,537_0_n_n.png
538,Throh,fighting,none,5,0,0,0,0,0,0,n,0,,538_0_n_n.png
539,Sawk,fighting,none,5,0,0,0,0,0,0,n,0,,539_0_n_n.png
540,Sewaddle,bug,grass,5,0,0,0,0,0,0,n,0,,540_0_n_n.png
541,Swadloon,bug,grass,5,0,0,0,0,0,0,n,0,,541_0_n_n.png
542,Leavanny,bug,grass,5,0,0,0,0,0,0,n,0,,542_0_n_n.png
543,Venipede,bug,poison,5,0,0,0,0,0,0,n,0,,543_0_n_n.png
544,Whirlipede,bug,poison,5,0,0,0,0,0,0,n,0,,544_0_n_n.png
545,Scolipede,bug,poison,5,0,0,0,0,0,0,n,0,,545_0_n_n.png
546,Cottonee,grass,fairy,5,0,0,0,0,0,0,n,0,,546_0_n_n.png
547,Whimsicott,grass,fairy,5,0,0,0,0,0,0,n,0,,547_0_n_n.png
548,Petilil,grass,none,5,0,0,0,0,0,0,n,0,,548_0_n_n.png
549,Lilligant,grass,none,5,0,0,0,0,0,0,n,0,,549_0_n_n.png
550,Basculin-Red-Striped,water,none,5,0,0,0,0,0,0,n,0,,550_0_n_n.png
550,Basculin-Blue-Striped,water,none,5,0,0,0,0,0,0,n,1,,550_1_n_n.png
551,Sandile,ground,dark,5,0,0,0,0,0,0,n,0,,551_0_n_n.png
552,Krokorok,ground,dark,5,0,0,0,0,0,0,n,0,,552_0_n_n.png
553,Krookodile,ground,dark,5,0,0,0,0,0,0,n,0,,553_0_n_n.png
554,Darumaka,fire,none,5,0,0,0,0,0,0,n,0,,554_0_n_n.png
554,Darumaka-Galar,ice,none,8,0,0,0,0,0,0,n,1,,554_1_n_n.png
555,Darmanitan-Standard,fire,none,5,0,0,0,0,0,0,n,0,,555_0_n_n.png
555,Darmanitan-Zen,fire,psychic,5,0,0,0,0,0,0,n,1,,555_1_n_n.png
555,Darmanitan-Galar-Standard,ice,none,8,0,0,0,0,0,0,n,2,,555_2_n_n.png
555,Darmanitan-Galar-Zen,ice,fire,8,0,0,0,0,0,0,n,3,,555_3_n_n.png
556,Maractus,grass,none,5,0,0,0,0,0,0,n,0,,556_0_n_n.png
557,Dwebble,bug,rock,5,0,0,0,0,0,0,n,0,,557_0_n_n.png
558,Crustle,bug,rock,5,0,0,0,0,0,0,n,0,,558_0_n_n.png
559,Scraggy,dark,fighting,5,0,0,0,0,0,0,n,0,,559_0_n_n.png
560,Scrafty,dark,fighting,5,0,0,0,0,0,0,n,0,,560_0_n_n.png
561,Sigilyph,psychic,flying,5,0,0,0,0,0,0,n,0,,561_0_n_n.png
562,Yamask,ghost,none,5,0,0,0,0,0,0,n,0,,562_0_n_n.png
562,Yamask-Galar,ground,ghost,8,0,0,0,0,0,0,n,1,,562_1_n_n.png
563,Cofagrigus,ghost,none,5,0,0,0,0,0,0,n,0,,563_0_n_n.png
564,Tirtouga,water,rock,5,0,0,0,0,0,0,n,0,,564_0_n_n.png
565,Carracosta,water,rock,5,0,0,0,0,0,0,n,0,,565_0_n_n.png
566,Archen,rock,flying,5,0,0,0,0,0,0,n,0,,566_0_n_n.png
567,Archeops,rock,flying,5,0,0,0,0,0,0,n,0,,567_0_n_n.png
568,Trubbish,poison,none,5,0,0,0,0,0,0,n,0,,568_0_n_n.png
569,Garbodor,poison,none,5,0,1,0,0,0,0,n,0,,569_0_n_g.png
569,Garbodor,poison,none,5,0,0,0,0,0,0,n,0,,569_0_n_n.png
570,Zorua,dark,none,5,0,0,0,0,0,0,n,0,,570_0_n_n.png
571,Zoroark,dark,none,5,0,0,0,0,0,0,n,0,,571_0_n_n.png
572,Minccino,normal,none,5,0,0,0,0,0,0,n,0,,572_0_n_n.png
573,Cinccino,normal,none,5,0,0,0,0,0,0,n,0,,573_0_n_n.png
574,Gothita,psychic,none,5,0,0,0,0,0,0,n,0,,574_0_n_n.png
575,Gothorita,psychic,none,5,0,0,0,0,0,0,n,0,,575_0_n_n.png
576,Gothitelle,psychic,none,5,0,0,0,0,0,0,n,0,,576_0_n_n.png
577,Solosis,psychic,none,5,0,0,0,0,0,0,n,0,,577_0_n_n.png
578,Duosion,psychic,none,5,0,0,0,0,0,0,n,0,,578_0_n_n.png
579,Reuniclus,psychic,none,5,0,0,0,0,0,0,n,0,,579_0_n_n.png
580,Ducklett,water,flying,5,0,0,0,0,0,0,n,0,,580_0_n_n.png
581,Swanna,water,flying,5,0,0,0,0,0,0,n,0,,581_0_n_n.png
582,Vanillite,ice,none,5,0,0,0,0,0,0,n,0,,582_0_n_n.png
583,Vanillish,ice,none,5,0,0,0,0,0,0,n,0,,583_0_n_n.png
584,Vanilluxe,ice,none,5,0,0,0,0,0,0,n,0,,584_0_n_n.png
585,Deerling-Spring,normal,grass,5,0,0,0,0,0,0,n,0,,585_0_n_n.png
585,Deerling-Summer,normal,grass,5,0,0,0,0,0,0,n,1,,585_1_n_n.png
585,Deerling-Autumn,normal,grass,5,0,0,0,0,0,0,n,2,,585_2_n_n.png
585,Deerling-Winter,normal,grass,5,0,0,0,0,0,0,n,3,,585_3_n_n.png
586,Sawsbuck-Spring,normal,grass,5,0,0,0,0,0,0,n,0,,586_0_n_n.png
586,Sawsbuck-Summer,normal,grass,5,0,0,0,0,0,0,n,1,,586_1_n_n.png
586,Sawsbuck-Autumn,normal,grass,5,0,0,0,0,0,0,n,2,,586_2_n_n.png
586,Sawsbuck-Winter,normal,grass,5,0,0,0,0,0,0,n,3,,586_3_n_n.png
587,Emolga,electric,flying,5,0,0,0,0,0,0,n,0,,587_0_n_n.png
588,Karrablast,bug,none,5,0,0,0,0,0,0,n,0,,588_0_n_n.png
589,Escavalier,bug,steel,5,0,0,0,0,0,0,n,0,,589_0_n_n.png
590,Foongus,grass,poison,5,0,0,0,0,0,0,n,0,,590_0_n_n.png
591,Amoonguss,grass,poison,5,0,0,0,0,0,0,n,0,,591_0_n_n.png
592,Frillish,water,ghost,5,0,0,0,1,0,0,f,0,,592_0_f_n.png
592,Frillish,water,ghost,5,0,0,0,1,0,0,m,0,,592_0_m_n.png
593,Jellicent,water,ghost,5,0,0,0,1,0,0,f,0,,593_0_f_n.png
593,Jellicent,water,ghost,5,0,0,0,1,0,0,m,0,,593_0_m_n.png
594,Alomomola,water,none,5,0,0,0,0,0,0,n,0,,594_0_n_n.png
595,Joltik,bug,electric,5,0,0,0,0,0,0,n,0,,595_0_n_n.png
596,Galvantula,bug,electric,5,0,0,0,0,0,0,n,0,,596_0_n_n.png
597,Ferroseed,grass,steel,5,0,0,0,0,0,0,n,0,,597_0_n_n.png
598,Ferrothorn,grass,steel,5,0,0,0,0,0,0,n,0,,598_0_n_n.png
599,Klink,steel,none,5,0,0,0,0,0,0,n,0,,599_0_n_n.png
600,Klang,steel,none,5,0,0,0,0,0,0,n,0,,600_0_n_n.png
601,Klinklang,steel,none,5,0,0,0,0,0,0,n,0,,601_0_n_n.png
602,Tynamo,electric,none,5,0,0,0,0,0,0,n,0,,602_0_n_n.png
603,Eelektrik,electric,none,5,0,0,0,0,0,0,n,0,,603_0_n_n.png
604,Eelektross,electric,none,5,0,0,0,0,0,0,n,0,,604_0_n_n.png
605,Elgyem,psychic,none,5,0,0,0,0,0,0,n,0,,605_0_n_n.png
606,Beheeyem,psychic,none,5,0,0,0,0,0,0,n,0,,606_0_n_n.png
607,Litwick,ghost,fire,5,0,0,0,0,0,0,n,0,,607_0_n_n.png
608,Lampent,ghost,fire,5,0,0,0,0,0,0,n,0,,608_0_n_n.png
609,Chandelure,ghost,fire,5,0,0,0,0,0,0,n,0,,609_0_n_n.png
610,Axew,dragon,none,5,0,0,0,0,0,0,n,0,,610_0_n_n.png
611,Fraxure,dragon,none,5,0,0,0,0,0,0,n,0,,611_0_n_n.png
612,Haxorus,dragon,none,5,0,0,0,0,0,0,n,0,,612_0_n_n.png
613,Cubchoo,ice,none,5,0,0,0,0,0,0,n,0,,613_0_n_n.png
614,Beartic,ice,none,5,0,0,0,0,0,0,n,0,,614_0_n_n.png
615,Cryogonal,ice,none,5,0,0,0,0,0,0,n,0,,615_0_n_n.png
616,Shelmet,bug,none,5,0,0,0,0,0,0,n,0,,616_0_n_n.png
617,Accelgor,bug,none,5,0,0,0,0,0,0,n,0,,617_0_n_n.png
618,Stunfisk,ground,electric,5,0,0,0,0,0,0,n,0,,618_0_n_n.png
618,Stunfisk-Galar,ground,steel,8,0,0,0,0,0,0,n,1,,618_1_n_n.png
619,Mienfoo,fighting,none,5,0,0,0,0,0,0,n,0,,619_0_n_n.png
620,Mienshao,fighting,none,5,0,0,0,0,0,0,n,0,,620_0_n_n.png
621,Druddigon,dragon,none,5,0,0,0,0,0,0,n,0,,621_0_n_n.png
622,Golett,ground,ghost,5,0,0,0,0,0,0,n,0,,622_0_n_n.png
623,Golurk,ground,ghost,5,0,0,0,0,0,0,n,0,,623_0_n_n.png
624,Pawniard,dark,steel,5,0,0,0,0,0,0,n,0,,624_0_n_n.png
625,Bisharp,dark,steel,5,0,0,0,0,0,0,n,0,,625_0_n_n.png
626,Bouffalant,normal,none,5,0,0,0,0,0,0,n,0,,626_0_n_n.png
627,Rufflet,normal,flying,5,0,0,0,0,0,0,n,0,,627_0_n_n.png
628,Braviary,normal,flying,5,0,0,0,0,0,0,n,0,,628_0_n_n.png
629,Vullaby,dark,flying,5,0,0,0,0,0,0,n,0,,629_0_n_n.png
630,Mandibuzz,dark,flying,5,0,0,0,0,0,0,n,0,,630_0_n_n.png
631,Heatmor,fire,none,5,0,0,0,0,0,0,n,0,,631_0_n_n.png
632,Durant,bug,steel,5,0,0,0,0,0,0,n,0,,632_0_n_n.png
633,Deino,dark,dragon,5,0,0,0,0,0,0,n,0,,633_0_n_n.png
634,Zweilous,dark,dragon,5,0,0,0,0,0,0,n,0,,634_0_n_n.png
635,Hydreigon,dark,dragon,5,0,0,0,0,0,0,n,0,,635_0_n_n.png
636,Larvesta,bug,fire,5,0,0,0,0,0,0,n,0,,636_0_n_n.png
637,Volcarona,bug,fire,5,0,0,0,0,0,0,n,0,,637_0_n_n.png
638,Cobalion,steel,fighting,5,0,0,0,0,1,0,n,0,,638_0_n_n.png
639,Terrakion,rock,fighting,5,0,0,0,0,1,0,n,0,,639_0_n_n.png
640,Virizion,grass,fighting,5,0,0,0,0,1,0,n,0,,640_0_n_n.png
641,Tornadus-Incarnate,flying,none,5,0,0,0,0,1,0,n,0,,641_0_n_n.png
641,Tornadus-Therian,flying,none,5,0,0,0,0,1,0,n,1,,641_1_n_n.png
642,Thundurus-Incarnate,electric,flying,5,0,0,0,0,1,0,n,0,,642_0_n_n.png
642,Thundurus-Therian,electric,flying,5,0,0,0,0,1,0,n,1,,642_1_n_n.png
643,Reshiram,dragon,fire,5,0,0,0,0,1,0,n,0,,643_0_n_n.png
644,Zekrom,dragon,electric,5,0,0,0,0,1,0,n,0,,644_0_n_n.png
645,Landorus-Incarnate,ground,flying,5,0,0,0,0,1,0,n,0,,645_0_n_n.png
645,Landorus-Therian,ground,flying,5,0,0,0,0,1,0,n,1,,645_1_n_n.png
646,Kyurem,dragon,ice,5,0,0,0,0,1,0,n,0,,646_0_n_n.png
646,Kyurem-White,dragon,ice,5,0,0,0,0,1,0,n,1,,646_1_n_n.png
646,Kyurem-Black,dragon,ice,5,0,0,0,0,1,0,n,2,,646_2_n_n.png
647,Keldeo-Ordinary,water,fighting,5,0,0,0,0,0,1,n,0,,647_0_n_n.png
647,Keldeo-Resolute,water,fighting,5,0,0,0,0,0,1,n,1,,647_1_n_n.png
648,Meloetta-Aria,normal,psychic,5,0,0,0,0,0,1,n,0,,648_0_n_n.png
648,Meloetta-Pirouette,normal,fighting,5,0,0,0,0,0,1,n,1,,648_1_n_n.png
649,Genesect,bug,steel,5,0,0,0,0,0,1,n,0,,649_0_n_n.png
649,Genesect-Douse,bug,steel,5,0,0,0,0,0,1,n,1,,649_1_n_n.png
649,Genesect-Shock,bug,steel,5,0,0,0,0,0,1,n,2,,649_2_n_n.png
649,Genesect-Burn,bug,steel,5,0,0,0,0,0,1,n,3,,649_3_n_n.png
649,Genesect-Chill,bug,steel,5,0,0,0,0,0,1,n,4,,649_4_n_n.png
650,Chespin,grass,none,6,1,0,0,0,0,0,n,0,,650_0_n_n.png
651,Quilladin,grass,none,6,0,0,0,0,0,0,n,0,,651_0_n_n.png
652,Chesnaught,grass,fighting,6,0,0,0,0,0,0,n,0,,652_0_n_n.png
653,Fennekin,fire,none,6,1,0,0,0,0,0,n,0,,653_0_n_n.png
654,Braixen,fire,none,6,0,0,0,0,0,0,n,0,,654_0_n_n.png
655,Delphox,fire,psychic,6,0,0,0,0,0,0,n,0,,655_0_n_n.png
656,Froakie,water,none,6,1,0,0,0,0,0,n,0,,656_0_n_n.png
657,Frogadier,water,none,6,0,0,0,0,0,0,n,0,,657_0_n_n.png
658,Greninja,water,dark,6,0,0,0,0,0,0,n,0,,658_0_n_n.png
658,Greninja-Ash,water,dark,6,0,0,0,0,0,0,n,2,,658_2_n_n.png
659,Bunnelby,normal,none,6,0,0,0,0,0,0,n,0,,659_0_n_n.png
660,Diggersby,normal,ground,6,0,0,0,0,0,0,n,0,,660_0_n_n.png
661,Fletchling,normal,flying,6,0,0,0,0,0,0,n,0,,661_0_n_n.png
662,Fletchinder,fire,flying,6,0,0,0,0,0,0,n,0,,662_0_n_n.png
663,Talonflame,fire,flying,6,0,0,0,0,0,0,n,0,,663_0_n_n.png
664,Scatterbug-Icy-Snow,bug,none,6,0,0,0,0,0,0,n,0,,664_0_n_n.png
665,Spewpa-Icy-Snow,bug,none,6,0,0,0,0,0,0,n,0,,665_0_n_n.png
666,Vivillon-Meadow,bug,flying,6,0,0,0,0,0,0,n,6,,666_6_n_n.png
666,Vivillon-Icy-Snow,bug,flying,6,0,0,0,0,0,0,n,0,,666_0_n_n.png
666,Vivillon-Polar,bug,flying,6,0,0,0,0,0,0,n,1,,666_1_n_n.png
666,Vivillon-Tundra,bug,flying,6,0,0,0,0,0,0,n,2,,666_2_n_n.png
666,Vivillon-Continental,bug,flying,6,0,0,0,0,0,0,n,3,,666_3_n_n.png
666,Vivillon-Garden,bug,flying,6,0,0,0,0,0,0,n,4,,666_4_n_n.png
666,Vivillon-Elegant,bug,flying,6,0,0,0,0,0,0,n,5,,666_5_n_n.png
666,Vivillon-Modern,bug,flying,6,0,0,0,0,0,0,n,7,,666_7_n_n.png
666,Vivillon-Marine,bug,flying,6,0,0,0,0,0,0,n,8,,666_8_n_n.png
666,Vivillon-Archipelago,bug,flying,6,0,0,0,0,0,0,n,9,,666_9_n_n.png
666,Vivillon-High-Plains,bug,flying,6,0,0,0,0,0,0,n,10,,666_010_n_n.png
666,Vivillon-Sandstorm,bug,flying,6,0,0,0,0,0,0,n,11,,666_011_n_n.png
666,Vivillon-River,bug,flying,6,0,0,0,0,0,0,n,12,,666_012_n_n.png
666,Vivillon-Monsoon,bug,flying,6,0,0,0,0,0,0,n,13,,666_013_n_n.png
666,Vivillon-Savanna,bug,flying,6,0,0,0,0,0,0,n,14,,666_014_n_n.png
666,Vivillon-Sun,bug,flying,6,0,0,0,0,0,0,n,15,,666_015_n_n.png
666,Vivillon-Ocean,bug,flying,6,0,0,0,0,0,0,n,16,,666_016_n_n.png
666,Vivillon-Jungle,bug,flying,6,0,0,0,0,0,0,n,17,,666_017_n_n.png
666,Vivillon-Fancy,bug,flying,6,0,0,0,0,0,0,n,18,,666_018_n_n.png
666,Vivillon-Poke-Ball,bug,flying,6,0,0,0,0,0,0,n,19,,666_019_n_n.png
667,Litleo,fire,normal,6,0,0,0,0,0,0,n,0,,667_0_n_n.png
668,Pyroar,fire,normal,6,0,0,0,1,0,0,f,0,,668_0_f_n.png
668,Pyroar,fire,normal,6,0,0,0,1,0,0,m,0,,668_0_m_n.png
669,Flabebe-Red,fairy,none,6,0,0,0,0,0,0,n,0,,669_0_n_n.png
669,Flabebe-Yellow,fairy,none,6,0,0,0,0,0,0,n,1,,669_1_n_n.png
669,Flabebe-Orange,fairy,none,6,0,0,0,0,0,0,n,2,,669_2_n_n.png
669,Flabebe-Blue,fairy,none,6,0,0,0,0,0,0,n,3,,669_3_n_n.png
669,Flabebe-White,fairy,none,6,0,0,0,0,0,0,n,4,,669_4_n_n.png
670,Floette-Red,fairy,none,6,0,0,0,0,0,0,n,0,,670_0_n_n.png
670,Floette-Yellow,fairy,none,6,0,0,0,0,0,0,n,1,,670_1_n_n.png
670,Floette-Orange,fairy,none,6,0,0,0,0,0,0,n,2,,670_2_n_n.png
670,Floette-Blue,fairy,none,6,0,0,0,0,0,0,n,3,,670_3_n_n.png
670,Floette-White,fairy,none,6,0,0,0,0,0,0,n,4,,670_4_n_n.png
670,Floette-Eternal,fairy,none,6,0,0,0,0,0,0,n,5,,670_5_n_n.png
671,Florges-Red,fairy,none,6,0,0,0,0,0,0,n,0,,671_0_n_n.png
671,Florges-Yellow,fairy,none,6,0,0,0,0,0,0,n,1,,671_1_n_n.png
671,Florges-Orange,fairy,none,6,0,0,0,0,0,0,n,2,,671_2_n_n.png
671,Florges-Blue,fairy,none,6,0,0,0,0,0,0,n,3,,671_3_n_n.png
671,Florges-White,fairy,none,6,0,0,0,0,0,0,n,4,,671_4_n_n.png
672,Skiddo,grass,none,6,0,0,0,0,0,0,n,0,,672_0_n_n.png
673,Gogoat,grass,none,6,0,0,0,0,0,0,n,0,,673_0_n_n.png
674,Pancham,fighting,none,6,0,0,0,0,0,0,n,0,,674_0_n_n.png
675,Pangoro,fighting,dark,6,0,0,0,0,0,0,n,0,,675_0_n_n.png
676,Furfrou-Natural,normal,none,6,0,0,0,0,0,0,n,0,,676_0_n_n.png
676,Furfrou-Heart,normal,none,6,0,0,0,0,0,0,n,1,,676_1_n_n.png
676,Furfrou-Star,normal,none,6,0,0,0,0,0,0,n,2,,676_2_n_n.png
676,Furfrou-Diamond,normal,none,6,0,0,0,0,0,0,n,3,,676_3_n_n.png
676,Furfrou-Debutante,normal,none,6,0,0,0,0,0,0,n,4,,676_4_n_n.png
676,Furfrou-Matron,normal,none,6,0,0,0,0,0,0,n,5,,676_5_n_n.png
676,Furfrou-Dandy,normal,none,6,0,0,0,0,0,0,n,6,,676_6_n_n.png
676,Furfrou-La-Reine,normal,none,6,0,0,0,0,0,0,n,7,,676_7_n_n.png
676,Furfrou-Kabuki,normal,none,6,0,0,0,0,0,0,n,8,,676_8_n_n.png
676,Furfrou-Pharaoh,normal,none,6,0,0,0,0,0,0,n,9,,676_9_n_n.png
677,Espurr,psychic,none,6,0,0,0,0,0,0,n,0,,677_0_n_n.png
678,Meowstic-Male,psychic,none,6,0,0,0,1,0,0,n,0,,678_0_n_n.png
678,Meowstic-Female,psychic,none,6,0,0,0,1,0,0,n,1,,678_1_n_n.png
679,Honedge,steel,ghost,6,0,0,0,0,0,0,n,0,,679_0_n_n.png
680,Doublade,steel,ghost,6,0,0,0,0,0,0,n,0,,680_0_n_n.png
681,Aegislash-Shield,steel,ghost,6,0,0,0,0,0,0,n,0,,681_0_n_n.png
681,Aegislash-Blade,steel,ghost,6,0,0,0,0,0,0,n,1,,681_1_n_n.png
682,Spritzee,fairy,none,6,0,0,0,0,0,0,n,0,,682_0_n_n.png
683,Aromatisse,fairy,none,6,0,0,0,0,0,0,n,0,,683_0_n_n.png
684,Swirlix,fairy,none,6,0,0,0,0,0,0,n,0,,684_0_n_n.png
685,Slurpuff,fairy,none,6,0,0,0,0,0,0,n,0,,685_0_n_n.png
686,Inkay,dark,psychic,6,0,0,0,0,0,0,n,0,,686_0_n_n.png
687,Malamar,dark,psychic,6,0,0,0,0,0,0,n,0,,687_0_n_n.png
688,Binacle,rock,water,6,0,0,0,0,0,0,n,0,,688_0_n_n.png
689,Barbaracle,rock,water,6,0,0,0,0,0,0,n,0,,689_0_n_n.png
690,Skrelp,poison,water,6,0,0,0,0,0,0,n,0,,690_0_n_n.png
691,Dragalge,poison,dragon,6,0,0,0,0,0,0,n,0,,691_0_n_n.png
692,Clauncher,water,none,6,0,0,0,0,0,0,n,0,,692_0_n_n.png
693,Clawitzer,water,none,6,0,0,0,0,0,0,n,0,,693_0_n_n.png
694,Helioptile,electric,normal,6,0,0,0,0,0,0,n,0,,694_0_n_n.png
695,Heliolisk,electric,normal,6,0,0,0,0,0,0,n,0,,695_0_n_n.png
696,Tyrunt,rock,dragon,6,0,0,0,0,0,0,n,0,,696_0_n_n.png
697,Tyrantrum,rock,dragon,6,0,0,0,0,0,0,n,0,,697_0_n_n.png
698,Amaura,rock,ice,6,0,0,0,0,0,0,n,0,,698_0_n_n.png
699,Aurorus,rock,ice,6,0,0,0,0,0,0,n,0,,699_0_n_n.png
700,Sylveon,fairy,none,6,0,0,0,0,0,0,n,0,,700_0_n_n.png
701,Hawlucha,fighting,flying,6,0,0,0,0,0,0,n,0,,701_0_n_n.png
702,Dedenne,electric,fairy,6,0,0,0,0,0,0,n,0,,702_0_n_n.png
703,Carbink,rock,fairy,6,0,0,0,0,0,0,n,0,,703_0_n_n.png
704,Goomy,dragon,none,6,0,0,0,0,0,0,n,0,,704_0_n_n.png
705,Sliggoo,dragon,none,6,0,0,0,0,0,0,n,0,,705_0_n_n.png
706,Goodra,dragon,none,6,0,0,0,0,0,0,n,0,,706_0_n_n.png
707,Klefki,steel,fairy,6,0,0,0,0,0,0,n,0,,707_0_n_n.png
708,Phantump,ghost,grass,6,0,0,0,0,0,0,n,0,,708_0_n_n.png
709,Trevenant,ghost,grass,6,0,0,0,0,0,0,n,0,,709_0_n_n.png
710,Pumpkaboo-Average,ghost,grass,6,0,0,0,0,0,0,n,0,,710_0_n_n.png
710,Pumpkaboo-Small,ghost,grass,6,0,0,0,0,0,0,n,1,,710_1_n_n.png
710,Pumpkaboo-Large,ghost,grass,6,0,0,0,0,0,0,n,2,,710_2_n_n.png
710,Pumpkaboo-Super,ghost,grass,6,0,0,0,0,0,0,n,3,,710_3_n_n.png
711,Gourgeist-Average,ghost,grass,6,0,0,0,0,0,0,n,0,,711_0_n_n.png
711,Gourgeist-Small,ghost,grass,6,0,0,0,0,0,0,n,1,,711_1_n_n.png
711,Gourgeist-Large,ghost,grass,6,0,0,0,0,0,0,n,2,,711_2_n_n.png
711,Gourgeist-Super,ghost,grass,6,0,0,0,0,0,0,n,3,,711_3_n_n.png
712,Bergmite,ice,none,6,0,0,0,0,0,0,n,0,,712_0_n_n.png
713,Avalugg,ice,none,6,0,0,0,0,0,0,n,0,,713_0_n_n.png
714,Noibat,flying,dragon,6,0,0,0,0,0,0,n,0,,714_0_n_n.png
715,Noivern,flying,dragon,6,0,0,0,0,0,0,n,0,,715_0_n_n.png
716,Xerneas-Active,fairy,none,6,0,0,0,0,1,0,n,1,,716_1_n_n.png
716,Xerneas-Neutral,fairy,none,6,0,0,0,0,1,0,n,0,,716_0_n_n.png
717,Yveltal,dark,flying,6,0,0,0,0,1,0,n,0,,717_0_n_n.png
718,Zygarde-50,dragon,ground,6,0,0,0,0,1,0,n,0,,718_0_n_n.png
718,Zygarde-10,dragon,ground,6,0,0,0,0,1,0,n,1,,718_1_n_n.png
718,Zygarde-Complete,dragon,ground,6,0,0,0,0,1,0,n,4,,718_4_n_n.png
719,Diancie,rock,fairy,6,0,0,0,0,0,1,n,0,,719_0_n_n.png
719,Diancie-Mega,rock,fairy,6,0,0,1,0,0,1,n,1,,719_1_n_n.png
720,Hoopa,psychic,ghost,6,0,0,0,0,0,1,n,0,,720_0_n_n.png
720,Hoopa-Unbound,psychic,dark,6,0,0,0,0,0,1,n,1,,720_1_n_n.png
721,Volcanion,fire,water,6,0,0,0,0,0,1,n,0,,721_0_n_n.png
722,Rowlet,grass,flying,7,1,0,0,0,0,0,n,0,,722_0_n_n.png
723,Dartrix,grass,flying,7,0,0,0,0,0,0,n,0,,723_0_n_n.png
724,Decidueye,grass,ghost,7,0,0,0,0,0,0,n,0,,724_0_n_n.png
725,Litten,fire,none,7,1,0,0,0,0,0,n,0,,725_0_n_n.png
726,Torracat,fire,none,7,0,0,0,0,0,0,n,0,,726_0_n_n.png
727,Incineroar,fire,dark,7,0,0,0,0,0,0,n,0,,727_0_n_n.png
728,Popplio,water,none,7,1,0,0,0,0,0,n,0,,728_0_n_n.png
729,Brionne,water,none,7,0,0,0,0,0,0,n,0,,729_0_n_n.png
730,Primarina,water,fairy,7,0,0,0,0,0,0,n,0,,730_0_n_n.png
731,Pikipek,normal,flying,7,0,0,0,0,0,0,n,0,,731_0_n_n.png
732,Trumbeak,normal,flying,7,0,0,0,0,0,0,n,0,,732_0_n_n.png
733,Toucannon,normal,flying,7,0,0,0,0,0,0,n,0,,733_0_n_n.png
734,Yungoos,normal,none,7,0,0,0,0,0,0,n,0,,734_0_n_n.png
735,Gumshoos,normal,none,7,0,0,0,0,0,0,n,0,,735_0_n_n.png
736,Grubbin,bug,none,7,0,0,0,0,0,0,n,0,,736_0_n_n.png
737,Charjabug,bug,electric,7,0,0,0,0,0,0,n,0,,737_0_n_n.png
738,Vikavolt,bug,electric,7,0,0,0,0,0,0,n,0,,738_0_n_n.png
739,Crabrawler,fighting,none,7,0,0,0,0,0,0,n,0,,739_0_n_n.png
740,Crabominable,fighting,ice,7,0,0,0,0,0,0,n,0,,740_0_n_n.png
741,Oricorio-Baile,fire,flying,7,0,0,0,0,0,0,n,0,,741_0_n_n.png
741,Oricorio-Pom-Pom,electric,flying,7,0,0,0,0,0,0,n,1,,741_1_n_n.png
741,Oricorio-Pau,psychic,flying,7,0,0,0,0,0,0,n,2,,741_2_n_n.png
741,Oricorio-Sensu,ghost,flying,7,0,0,0,0,0,0,n,3,,741_3_n_n.png
742,Cutiefly,bug,fairy,7,0,0,0,0,0,0,n,0,,742_0_n_n.png
743,Ribombee,bug,fairy,7,0,0,0,0,0,0,n,0,,743_0_n_n.png
744,Rockruff,rock,none,7,0,0,0,0,0,0,n,0,,744_0_n_n.png
745,Lycanroc-Midday,rock,none,7,0,0,0,0,0,0,n,0,,745_0_n_n.png
745,Lycanroc-Midnight,rock,none,7,0,0,0,0,0,0,n,1,,745_1_n_n.png
745,Lycanroc-Dusk,rock,none,7,0,0,0,0,0,0,n,2,,745_2_n_n.png
746,Wishiwashi-Solo,water,none,7,0,0,0,0,0,0,n,0,,746_0_n_n.png
746,Wishiwashi-School,water,none,7,0,0,0,0,0,0,n,1,,746_1_n_n.png
747,Mareanie,poison,water,7,0,0,0,0,0,0,n,0,,747_0_n_n.png
748,Toxapex,poison,water,7,0,0,0,0,0,0,n,0,,748_0_n_n.png
749,Mudbray,ground,none,7,0,0,0,0,0,0,n,0,,749_0_n_n.png
750,Mudsdale,ground,none,7,0,0,0,0,0,0,n,0,,750_0_n_n.png
751,Dewpider,water,bug,7,0,0,0,0,0,0,n,0,,751_0_n_n.png
752,Araquanid,water,bug,7,0,0,0,0,0,0,n,0,,752_0_n_n.png
753,Fomantis,grass,none,7,0,0,0,0,0,0,n,0,,753_0_n_n.png
754,Lurantis,grass,none,7,0,0,0,0,0,0,n,0,,754_0_n_n.png
755,Morelull,grass,fairy,7,0,0,0,0,0,0,n,0,,755_0_n_n.png
756,Shiinotic,grass,fairy,7,0,0,0,0,0,0,n,0,,756_0_n_n.png
757,Salandit,poison,fire,7,0,0,0,0,0,0,n,0,,757_0_n_n.png
758,Salazzle,poison,fire,7,0,0,0,0,0,0,n,0,,758_0_n_n.png
759,Stufful,normal,fighting,7,0,0,0,0,0,0,n,0,,759_0_n_n.png
760,Bewear,normal,fighting,7,0,0,0,0,0,0,n,0,,760_0_n_n.png
761,Bounsweet,grass,none,7,0,0,0,0,0,0,n,0,,761_0_n_n.png
762,Steenee,grass,none,7,0,0,0,0,0,0,n,0,,762_0_n_n.png
763,Tsareena,grass,none,7,0,0,0,0,0,0,n,0,,763_0_n_n.png
764,Comfey,fairy,none,7,0,0,0,0,0,0,n,0,,764_0_n_n.png
765,Oranguru,normal,psychic,7,0,0,0,0,0,0,n,0,,765_0_n_n.png
766,Passimian,fighting,none,7,0,0,0,0,0,0,n,0,,766_0_n_n.png
767,Wimpod,bug,water,7,0,0,0,0,0,0,n,0,,767_0_n_n.png
768,Golisopod,bug,water,7,0,0,0,0,0,0,n,0,,768_0_n_n.png
769,Sandygast,ghost,ground,7,0,0,0,0,0,0,n,0,,769_0_n_n.png
770,Palossand,ghost,ground,7,0,0,0,0,0,0,n,0,,770_0_n_n.png
771,Pyukumuku,water,none,7,0,0,0,0,0,0,n,0,,771_0_n_n.png
772,Type-Null,normal,none,7,0,0,0,0,0,0,n,0,,772_0_n_n.png
773,Silvally-Normal,normal,none,7,0,0,0,0,0,0,n,0,,773_0_n_n.png
773,Silvally-Fighting,fighting,none,7,0,0,0,0,0,0,n,1,,773_1_n_n.png
773,Silvally-Flying,flying,none,7,0,0,0,0,0,0,n,2,,773_2_n_n.png
773,Silvally-Poison,poison,none,7,0,0,0,0,0,0,n,3,,773_3_n_n.png
773,Silvally-Ground,ground,none,7,0,0,0,0,0,0,n,4,,773_4_n_n.png
773,Silvally-Rock,rock,none,7,0,0,0,0,0,0,n,5,,773_5_n_n.png
773,Silvally-Bug,bug,none,7,0,0,0,0,0,0,n,6,,773_6_n_n.png
773,Silvally-Ghost,ghost,none,7,0,0,0,0,0,0,n,7,,773_7_n_n.png
773,Silvally-Steel,steel,none,7,0,0,0,0,0,0,n,8,,773_8_n_n.png
773,Silvally-Fire,fire,none,7,0,0,0,0,0,0,n,9,,773_9_n_n.png
773,Silvally-Water,water,none,7,0,0,0,0,0,0,n,10,,773_010_n_n.png
773,Silvally-Grass,grass,none,7,0,0,0,0,0,0,n,11,,773_011_n_n.png
773,Silvally-Electric,electric,none,7,0,0,0,0,0,0,n,12,,773_012_n_n.png
773,Silvally-Psychic,psychic,none,7,0,0,0,0,0,0,n,13,,773_013_n_n.png
773,Silvally-Ice,ice,none,7,0,0,0,0,0,0,n,14,,773_014_n_n.png
773,Silvally-Dragon,dragon,none,7,0,0,0,0,0,0,n,15,,773_015_n_n.png
773,Silvally-Dark,dark,none,7,0,0,0,0,0,0,n,16,,773_016_n_n.png
773,Silvally-Fairy,fairy,none,7,0,0,0,0,0,0,n,17,,773_017_n_n.png
774,Minior-Red-Meteor,rock,flying,7,0,0,0,0,0,0,n,0,,774_0_n_n.png
774,Minior-Green,rock,flying,7,0,0,0,0,0,0,n,10,,774_010_n_n.png
774,Minior-Blue,rock,flying,7,0,0,0,0,0,0,n,11,,774_011_n_n.png
774,Minior-Indigo,rock,flying,7,0,0,0,0,0,0,n,12,,774_012_n_n.png
774,Minior-Violet,rock,flying,7,0,0,0,0,0,0,n,13,,774_013_n_n.png
774,Minior-Red,rock,flying,7,0,0,0,0,0,0,n,7,,774_7_n_n.png
774,Minior-Orange,rock,flying,7,0,0,0,0,0,0,n,8,,774_8_n_n.png
774,Minior-Yellow,rock,flying,7,0,0,0,0,0,0,n,9,,774_9_n_n.png
775,Komala,normal,none,7,0,0,0,0,0,0,n,0,,775_0_n_n.png
776,Turtonator,fire,dragon,7,0,0,0,0,0,0,n,0,,776_0_n_n.png
777,Togedemaru,electric,steel,7,0,0,0,0,0,0,n,0,,777_0_n_n.png
778,Mimikyu-Disguised,ghost,fairy,7,0,0,0,0,0,0,n,0,,778_0_n_n.png
778,Mimikyu-Busted,ghost,fairy,7,0,0,0,0,0,0,n,1,,778_1_n_n.png
779,Bruxish,water,psychic,7,0,0,0,0,0,0,n,0,,779_0_n_n.png
780,Drampa,normal,dragon,7,0,0,0,0,0,0,n,0,,780_0_n_n.png
781,Dhelmise,ghost,grass,7,0,0,0,0,0,0,n,0,,781_0_n_n.png
782,Jangmo-O,dragon,none,7,0,0,0,0,0,0,n,0,,782_0_n_n.png
783,Hakamo-O,dragon,fighting,7,0,0,0,0,0,0,n,0,,783_0_n_n.png
784,Kommo-O,dragon,fighting,7,0,0,0,0,0,0,n,0,,784_0_n_n.png
785,Tapu-Koko,electric,fairy,7,0,0,0,0,1,0,n,0,,785_0_n_n.png
786,Tapu-Lele,psychic,fairy,7,0,0,0,0,1,0,n,0,,786_0_n_n.png
787,Tapu-Bulu,grass,fairy,7,0,0,0,0,1,0,n,0,,787_0_n_n.png
788,Tapu-Fini,water,fairy,7,0,0,0,0,1,0,n,0,,788_0_n_n.png
789,Cosmog,psychic,none,7,0,0,0,0,1,0,n,0,,789_0_n_n.png
790,Cosmoem,psychic,none,7,0,0,0,0,1,0,n,0,,790_0_n_n.png
791,Solgaleo,psychic,steel,7,0,0,0,0,1,0,n,0,,791_0_n_n.png
792,Lunala,psychic,ghost,7,0,0,0,0,1,0,n,0,,792_0_n_n.png
793,Nihilego,rock,poison,7,0,0,0,0,0,0,n,0,,793_0_n_n.png
794,Buzzwole,bug,fighting,7,0,0,0,0,0,0,n,0,,794_0_n_n.png
795,Pheromosa,bug,fighting,7,0,0,0,0,0,0,n,0,,795_0_n_n.png
796,Xurkitree,electric,none,7,0,0,0,0,0,0,n,0,,796_0_n_n.png
797,Celesteela,steel,flying,7,0,0,0,0,0,0,n,0,,797_0_n_n.png
798,Kartana,grass,steel,7,0,0,0,0,0,0,n,0,,798_0_n_n.png
799,Guzzlord,dark,dragon,7,0,0,0,0,0,0,n,0,,799_0_n_n.png
800,Necrozma,psychic,none,7,0,0,0,0,1,0,n,0,,800_0_n_n.png
800,Necrozma-Dusk,psychic,steel,7,0,0,0,0,1,0,n,1,,800_1_n_n.png
800,Necrozma-Dawn,psychic,ghost,7,0,0,0,0,1,0,n,2,,800_2_n_n.png
800,Necrozma-Ultra,psychic,dragon,7,0,0,0,0,1,0,n,3,,800_3_n_n.png
801,Magearna,steel,fairy,7,0,0,0,0,0,1,n,0,,801_0_n_n.png
801,Magearna-Original,steel,fairy,7,0,0,0,0,0,1,n,1,,801_1_n_n.png
802,Marshadow,fighting,ghost,7,0,0,0,0,0,1,n,0,,802_0_n_n.png
803,Poipole,poison,none,7,0,0,0,0,0,0,n,0,,803_0_n_n.png
804,Naganadel,poison,dragon,7,0,0,0,0,0,0,n,0,,804_0_n_n.png
805,Stakataka,rock,steel,7,0,0,0,0,0,0,n,0,,805_0_n_n.png
806,Blacephalon,fire,ghost,7,0,0,0,0,0,0,n,0,,806_0_n_n.png
807,Zeraora,electric,none,7,0,0,0,0,0,1,n,0,,807_0_n_n.png
808,Meltan,steel,none,7,0,0,0,0,0,1,n,0,,808_0_n_n.png
809,Melmetal,steel,none,7,0,1,0,0,0,1,n,0,,809_0_n_g.png
809,Melmetal,steel,none,7,0,0,0,0,0,1,n,0,,809_0_n_n.png
810,Grookey,grass,none,8,1,0,0,0,0,0,n,0,,810_0_n_n.png
811,Thwackey,grass,none,8,0,0,0,0,0,0,n,0,,811_0_n_n.png
812,Rillaboom,grass,none,8,0,1,0,0,0,0,n,0,,812_0_n_g.png
812,Rillaboom,grass,none,8,0,0,0,0,0,0,n,0,,812_0_n_n.png
813,Scorbunny,fire,none,8,1,0,0,0,0,0,n,0,,813_0_n_n.png
814,Raboot,fire,none,8,0,0,0,0,0,0,n,0,,814_0_n_n.png
815,Cinderace,fire,none,8,0,1,0,0,0,0,n,0,,815_0_n_g.png
815,Cinderace,fire,none,8,0,0,0,0,0,0,n,0,,815_0_n_n.png
816,Sobble,water,none,8,1,0,0,0,0,0,n,0,,816_0_n_n.png
817,Drizzile,water,none,8,0,0,0,0,0,0,n,0,,817_0_n_n.png
818,Inteleon,water,none,8,0,1,0,0,0,0,n,0,,818_0_n_g.png
818,Inteleon,water,none,8,0,0,0,0,0,0,n,0,,818_0_n_n.png
819,Skwovet,normal,none,8,0,0,0,0,0,0,n,0,,819_0_n_n.png
820,Greedent,normal,none,8,0,0,0,0,0,0,n,0,,820_0_n_n.png
821,Rookidee,flying,none,8,0,0,0,0,0,0,n,0,,821_0_n_n.png
822,Corvisquire,flying,none,8,0,0,0,0,0,0,n,0,,822_0_n_n.png
823,Corviknight,flying,steel,8,0,1,0,0,0,0,n,0,,823_0_n_g.png
823,Corviknight,flying,steel,8,0,0,0,0,0,0,n,0,,823_0_n_n.png
824,Blipbug,bug,none,8,0,0,0,0,0,0,n,0,,824_0_n_n.png
825,Dottler,bug,psychic,8,0,0,0,0,0,0,n,0,,825_0_n_n.png
826,Orbeetle,bug,psychic,8,0,1,0,0,0,0,n,0,,826_0_n_g.png
826,Orbeetle,bug,psychic,8,0,0,0,0,0,0,n,0,,826_0_n_n.png
827,Nickit,dark,none,8,0,0,0,0,0,0,n,0,,827_0_n_n.png
828,Thievul,dark,none,8,0,0,0,0,0,0,n,0,,828_0_n_n.png
829,Gossifleur,grass,none,8,0,0,0,0,0,0,n,0,,829_0_n_n.png
830,Eldegoss,grass,none,8,0,0,0,0,0,0,n,0,,830_0_n_n.png
831,Wooloo,normal,none,8,0,0,0,0,0,0,n,0,,831_0_n_n.png
832,Dubwool,normal,none,8,0,0,0,0,0,0,n,0,,832_0_n_n.png
833,Chewtle,water,none,8,0,0,0,0,0,0,n,0,,833_0_n_n.png
834,Drednaw,water,rock,8,0,1,0,0,0,0,n,0,,834_0_n_g.png
834,Drednaw,water,rock,8,0,0,0,0,0,0,n,0,,834_0_n_n.png
835,Yamper,electric,none,8,0,0,0,0,0,0,n,0,,835_0_n_n.png
836,Boltund,electric,none,8,0,0,0,0,0,0,n,0,,836_0_n_n.png
837,Rolycoly,rock,none,8,0,0,0,0,0,0,n,0,,837_0_n_n.png
838,Carkol,rock,fire,8,0,0,0,0,0,0,n,0,,838_0_n_n.png
839,Coalossal,rock,fire,8,0,1,0,0,0,0,n,0,,839_0_n_g.png
839,Coalossal,rock,fire,8,0,0,0,0,0,0,n,0,,839_0_n_n.png
840,Applin,grass,dragon,8,0,0,0,0,0,0,n,0,,840_0_n_n.png
841,Flapple,grass,dragon,8,0,1,0,0,0,0,n,0,,841_0_n_g.png
841,Flapple,grass,dragon,8,0,0,0,0,0,0,n,0,,841_0_n_n.png
842,Appletun,grass,dragon,8,0,1,0,0,0,0,n,0,,842_0_n_g.png
842,Appletun,grass,dragon,8,0,0,0,0,0,0,n,0,,842_0_n_n.png
843,Silicobra,ground,none,8,0,0,0,0,0,0,n,0,,843_0_n_n.png
844,Sandaconda,ground,none,8,0,1,0,0,0,0,n,0,,844_0_n_g.png
844,Sandaconda,ground,none,8,0,0,0,0,0,0,n,0,,844_0_n_n.png
845,Cramorant,flying,water,8,0,0,0,0,0,0,n,0,,845_0_n_n.png
845,Cramorant-Gulping,flying,water,8,0,0,0,0,0,0,n,1,,845_1_n_n.png
845,Cramorant-Gorging,flying,water,8,0,0,0,0,0,0,n,2,,845_2_n_n.png
846,Arrokuda,water,none,8,0,0,0,0,0,0,n,0,,846_0_n_n.png
847,Barraskewda,water,none,8,0,0,0,0,0,0,n,0,,847_0_n_n.png
848,Toxel,electric,poison,8,0,0,0,0,0,0,n,0,,848_0_n_n.png
849,Toxtricity-Amped,electric,poison,8,0,1,0,0,0,0,n,0,,849_0_n_g.png
849,Toxtricity-Amped,electric,poison,8,0,0,0,0,0,0,n,0,,849_0_n_n.png
849,Toxtricity-Low-Key,electric,poison,8,0,0,0,0,0,0,n,1,,849_1_n_n.png
850,Sizzlipede,fire,bug,8,0,0,0,0,0,0,n,0,,850_0_n_n.png
851,Centiskorch,fire,bug,8,0,1,0,0,0,0,n,0,,851_0_n_g.png
851,Centiskorch,fire,bug,8,0,0,0,0,0,0,n,0,,851_0_n_n.png
852,Clobbopus,fighting,none,8,0,0,0,0,0,0,n,0,,852_0_n_n.png
853,Grapploct,fighting,none,8,0,0,0,0,0,0,n,0,,853_0_n_n.png
854,Sinistea-Phony,ghost,none,8,0,0,0,0,0,0,n,0,,854_0_n_n.png
855,Polteageist-Phony,ghost,none,8,0,0,0,0,0,0,n,0,,855_0_n_n.png
856,Hatenna,psychic,none,8,0,0,0,0,0,0,n,0,,856_0_n_n.png
857,Hattrem,psychic,none,8,0,0,0,0,0,0,n,0,,857_0_n_n.png
858,Hatterene,psychic,fairy,8,0,1,0,0,0,0,n,0,,858_0_n_g.png
858,Hatterene,psychic,fairy,8,0,0,0,0,0,0,n,0,,858_0_n_n.png
859,Impidimp,dark,fairy,8,0,0,0,0,0,0,n,0,,859_0_n_n.png
860,Morgrem,dark,fairy,8,0,0,0,0,0,0,n,0,,860_0_n_n.png
861,Grimmsnarl,dark,fairy,8,0,1,0,0,0,0,n,0,,861_0_n_g.png
861,Grimmsnarl,dark,fairy,8,0,0,0,0,0,0,n,0,,861_0_n_n.png
862,Obstagoon,dark,normal,8,0,0,0,0,0,0,n,0,,862_0_n_n.png
863,Perrserker,steel,none,8,0,0,0,0,0,0,n,0,,863_0_n_n.png
864,Cursola,ghost,none,8,0,0,0,0,0,0,n,0,,864_0_n_n.png
865,Sirfetchd,fighting,none,8,0,0,0,0,0,0,n,0,,865_0_n_n.png
866,Mr-Rime,ice,psychic,8,0,0,0,0,0,0,n,0,,866_0_n_n.png
867,Runerigus,ground,ghost,8,0,0,0,0,0,0,n,0,,867_0_n_n.png
868,Milcery,fairy,none,8,0,0,0,0,0,0,n,0,,868_0_n_n.png
869,Alcremie-Vanilla-Cream,fairy,none,8,0,1,0,0,0,0,n,0,,869_0_n_g.png
869,Alcremie-Vanilla-Cream,fairy,none,8,0,0,0,0,0,0,n,0,,869_0_n_n.png
869,Alcremie-Vanilla-Cream,fairy,none,8,0,0,0,0,0,0,n,0,1,869_0_n_n_1.png
869,Alcremie-Vanilla-Cream,fairy,none,8,0,0,0,0,0,0,n,0,2,869_0_n_n_2.png
869,Alcremie-Vanilla-Cream,fairy,none,8,0,0,0,0,0,0,n,0,3,869_0_n_n_3.png
869,Alcremie-Vanilla-Cream,fairy,none,8,0,0,0,0,0,0,n,0,4,869_0_n_n_4.png
869,Alcremie-Vanilla-Cream,fairy,none,8,0,0,0,0,0,0,n,0,5,869_0_n_n_5.png
869,Alcremie-Vanilla-Cream,fairy,none,8,0,0,0,0,0,0,n,0,6,869_0_n_n_6.png
869,Alcremie-Ruby-Cream,fairy,none,8,0,0,0,0,0,0,n,1,,869_1_n_n.png
869,Alcremie-Ruby-Cream,fairy,none,8,0,0,0,0,0,0,n,1,1,869_1_n_n_1.png
869,Alcremie-Ruby-Cream,fairy,none,8,0,0,0,0,0,0,n,1,2,869_1_n_n_2.png
869,Alcremie-Ruby-Cream,fairy,none,8,0,0,0,0,0,0,n,1,3,869_1_n_n_3.png
869,Alcremie-Ruby-Cream,fairy,none,8,0,0,0,0,0,0,n,1,4,869_1_n_n_4.png
869,Alcremie-Ruby-Cream,fairy,none,8,0,0,0,0,0,0,n,1,5,869_1_n_n_5.png
869,Alcremie-Ruby-Cream,fairy,none,8,0,0,0,0,0,0,n,1,6,869_1_n_n_6.png
869,Alcremie-Matcha-Cream,fairy,none,8,0,0,0,0,0,0,n,2,,869_2_n_n.png
869,Alcremie-Matcha-Cream,fairy,none,8,0,0,0,0,0,0,n,2,1,869_2_n_n_1.png
869,Alcremie-Matcha-Cream,fairy,none,8,0,0,0,0,0,0,n,2,2,869_2_n_n_2.png
869,Alcremie-Matcha-Cream,fairy,none,8,0,0,0,0,0,0,n,2,3,869_2_n_n_3.png
869,Alcremie-Matcha-Cream,fairy,none,8,0,0,0,0,0,0,n,2,4,869_2_n_n_4.png
869,Alcremie-Matcha-Cream,fairy,none,8,0,0,0,0,0,0,n,2,5,869_2_n_n_5.png
869,Alcremie-Matcha-Cream,fairy,none,8,0,0,0,0,0,0,n,2,6,869_2_n_n_6.png
869,Alcremie-Mint-Cream,fairy,none,8,0,0,0,0,0,0,n,3,,869_3_n_n.png
869,Alcremie-Mint-Cream,fairy,none,8,0,0,0,0,0,0,n,3,1,869_3_n_n_1.png
869,Alcremie-Mint-Cream,fairy,none,8,0,0,0,0,0,0,n,3,2,869_3_n_n_2.png
869,Alcremie-Mint-Cream,fairy,none,8,0,0,0,0,0,0,n,3,3,869_3_n_n_3.png
869,Alcremie-Mint-Cream,fairy,none,8,0,0,0,0,0,0,n,3,4,869_3_n_n_4.png
869,Alcremie-Mint-Cream,fairy,none,8,0,0,0,0,0,0,n,3,5,869_3_n_n_5.png
869,Alcremie-Mint-Cream,fairy,none,8,0,0,0,0,0,0,n,3,6,869_3_n_n_6.png
869,Alcremie-Lemon-Cream,fairy,none,8,0,0,0,0,0,0,n,4,,869_4_n_n.png
869,Alcremie-Lemon-Cream,fairy,none,8,0,0,0,0,0,0,n,4,1,869_4_n_n_1.png
869,Alcremie-Lemon-Cream,fairy,none,8,0,0,0,0,0,0,n,4,2,869_4_n_n_2.png
869,Alcremie-Lemon-Cream,fairy,none,8,0,0,0,0,0,0,n,4,3,869_4_n_n_3.png
869,Alcremie-Lemon-Cream,fairy,none,8,0,0,0,0,0,0,n,4,4,869_4_n_n_4.png
869,Alcremie-Lemon-Cream,fairy,none,8,0,0,0,0,0,0,n,4,5,869_4_n_n_5.png
869,Alcremie-Lemon-Cream,fairy,none,8,0,0,0,0,0,0,n,4,6,869_4_n_n_6.png
869,Alcremie-Salted-Cream,fairy,none,8,0,0,0,0,0,0,n,5,,869_5_n_n.png
869,Alcremie-Salted-Cream,fairy,none,8,0,0,0,0,0,0,n,5,1,869_5_n_n_1.png
869,Alcremie-Salted-Cream,fairy,none,8,0,0,0,0,0,0,n,5,2,869_5_n_n_2.png
869,Alcremie-Salted-Cream,fairy,none,8,0,0,0,0,0,0,n,5,3,869_5_n_n_3.png
869,Alcremie-Salted-Cream,fairy,none,8,0,0,0,0,0,0,n,5,4,869_5_n_n_4.png
869,Alcremie-Salted-Cream,fairy,none,8,0,0,0,0,0,0,n,5,5,869_5_n_n_5.png
869,Alcremie-Salted-Cream,fairy,none,8,0,0,0,0,0,0,n,5,6,869_5_n_n_6.png
869,Alcremie-Ruby-Swirl,fairy,none,8,0,0,0,0,0,0,n,6,,869_6_n_n.png
869,Alcremie-Ruby-Swirl,fairy,none,8,0,0,0,0,0,0,n,6,1,869_6_n_n_1.png
869,Alcremie-Ruby-Swirl,fairy,none,8,0,0,0,0,0,0,n,6,2,869_6_n_n_2.png
869,Alcremie-Ruby-Swirl,fairy,none,8,0,0,0,0,0,0,n,6,3,869_6_n_n_3.png
869,Alcremie-Ruby-Swirl,fairy,none,8,0,0,0,0,0,0,n,6,4,869_6_n_n_4.png
869,Alcremie-Ruby-Swirl,fairy,none,8,0,0,0,0,0,0,n,6,5,869_6_n_n_5.png
869,Alcremie-Ruby-Swirl,fairy,none,8,0,0,0,0,0,0,n,6,6,869_6_n_n_6.png
869,Alcremie-Caramel-Swirl,fairy,none,8,0,0,0,0,0,0,n,7,,869_7_n_n.png
869,Alcremie-Caramel-Swirl,fairy,none,8,0,0,0,0,0,0,n,7,1,869_7_n_n_1.png
869,Alcremie-Caramel-Swirl,fairy,none,8,0,0,0,0,0,0,n,7,2,869_7_n_n_2.png
869,Alcremie-Caramel-Swirl,fairy,none,8,0,0,0,0,0,0,n,7,3,869_7_n_n_3.png
869,Alcremie-Caramel-Swirl,fairy,none,8,0,0,0,0,0,0,n,7,4,869_7_n_n_4.png
869,Alcremie-Caramel-Swirl,fairy,none,8,0,0,0,0,0,0,n,7,5,869_7_n_n_5.png
869,Alcremie-Caramel-Swirl,fairy,none,8,0,0,0,0,0,0,n,7,6,869_7_n_n_6.png
869,Alcremie-Rainbow-Swirl,fairy,none,8,0,0,0,0,0,0,n,8,,869_8_n_n.png
869,Alcremie-Rainbow-Swirl,fairy,none,8,0,0,0,0,0,0,n,8,1,869_8_n_n_1.png
869,Alcremie-Rainbow-Swirl,fairy,none,8,0,0,0,0,0,0,n,8,2,869_8_n_n_2.png
869,Alcremie-Rainbow-Swirl,fairy,none,8,0,0,0,0,0,0,n,8,3,869_8_n_n_3.png
869,Alcremie-Rainbow-Swirl,fairy,none,8,0,0,0,0,0,0,n,8,4,869_8_n_n_4.png
869,Alcremie-Rainbow-Swirl,fairy,none,8,0,0,0,0,0,0,n,8,5,869_8_n_n_5.png
869,Alcremie-Rainbow-Swirl,fairy,none,8,0,0,0,0,0,0,n,8,6,869_8_n_n_6.png
870,Falinks,fighting,none,8,0,0,0,0,0,0,n,0,,870_0_n_n.png
871,Pincurchin,electric,none,8,0,0,0,0,0,0,n,0,,871_0_n_n.png
872,Snom,ice,bug,8,0,0,0,0,0,0,n,0,,872_0_n_n.png
873,Frosmoth,ice,bug,8,0,0,0,0,0,0,n,0,,873_0_n_n.png
874,Stonjourner,rock,none,8,0,0,0,0,0,0,n,0,,874_0_n_n.png
875,Eiscue-Ice,ice,none,8,0,0,0,0,0,0,n,0,,875_0_n_n.png
875,Eiscue-Noice,ice,none,8,0,0,0,0,0,0,n,1,,875_1_n_n.png
876,Indeedee-Male,psychic,normal,8,0,0,0,0,0,0,n,0,,876_0_n_n.png
876,Indeedee-Female,psychic,normal,8,0,0,0,0,0,0,n,1,,876_1_n_n.png
877,Morpeko-Full-Belly,electric,dark,8,0,0,0,0,0,0,n,0,,877_0_n_n.png
877,Morpeko-Hangry,electric,dark,8,0,0,0,0,0,0,n,1,,877_1_n_n.png
878,Cufant,steel,none,8,0,0,0,0,0,0,n,0,,878_0_n_n.png
879,Copperajah,steel,none,8,0,1,0,0,0,0,n,0,,879_0_n_g.png
879,Copperajah,steel,none,8,0,0,0,0,0,0,n,0,,879_0_n_n.png
880,Dracozolt,electric,dragon,8,0,0,0,0,0,0,n,0,,880_0_n_n.png
881,Arctozolt,electric,ice,8,0,0,0,0,0,0,n,0,,881_0_n_n.png
882,Dracovish,water,dragon,8,0,0,0,0,0,0,n,0,,882_0_n_n.png
883,Arctovish,water,ice,8,0,0,0,0,0,0,n,0,,883_0_n_n.png
884,Duraludon,steel,dragon,8,0,1,0,0,0,0,n,0,,884_0_n_g.png
884,Duraludon,steel,dragon,8,0,0,0,0,0,0,n,0,,884_0_n_n.png
885,Dreepy,dragon,ghost,8,0,0,0,0,0,0,n,0,,885_0_n_n.png
886,Drakloak,dragon,ghost,8,0,0,0,0,0,0,n,0,,886_0_n_n.png
887,Dragapult,dragon,ghost,8,0,0,0,0,0,0,n,0,,887_0_n_n.png
888,Zacian,fairy,none,8,0,0,0,0,1,0,n,0,,888_0_n_n.png
888,Zacian-Crowned,fairy,steel,8,0,0,0,0,1,0,n,1,,888_1_n_n.png
889,Zamazenta,fighting,none,8,0,0,0,0,1,0,n,0,,889_0_n_n.png
889,Zamazenta-Crowned,fighting,steel,8,0,0,0,0,1,0,n,1,,889_1_n_n.png
890,Eternatus,poison,dragon,8,0,0,0,0,1,0,n,0,,890_0_n_n.png
890,Eternatus-Eternamax,poison,dragon,8,0,0,0,0,1,0,n,1,,890_1_n_n.png
891,Kubfu,fighting,none,8,0,0,0,0,1,0,n,0,,891_0_n_n.png
892,Urshifu-Single-Strike,fighting,dark,8,0,1,0,0,1,0,n,0,,892_0_n_g.png
892,Urshifu-Single-Strike,fighting,dark,8,0,0,0,0,1,0,n,0,,892_0_n_n.png
892,Urshifu-Rapid-Strike,fighting,water,8,0,1,0,0,1,0,n,1,,892_1_n_g.png
892,Urshifu-Rapid-Strike,fighting,water,8,0,0,0,0,1,0,n,1,,892_1_n_n.png
893,Zarude,dark,grass,8,0,0,0,0,0,1,n,0,,893_0_n_n.png
893,Zarude-Dada,dark,grass,8,0,0,0,0,0,1,n,1,,893_1_n_n.png
894,Regieleki,electric,none,8,0,0,0,0,1,0,n,0,,894_0_n_n.png
895,Regidrago,dragon,none,8,0,0,0,0,1,0,n,0,,895_0_n_n.png
896,Glastrier,ice,none,8,0,0,0,0,1,0,n,0,,896_0_n_n.png
897,Spectrier,ghost,none,8,0,0,0,0,1,0,n,0,,897_0_n_n.png
898,Calyrex,psychic,grass,8,0,0,0,0,1,0,n,0,,898_0_n_n.png
898,Calyrex-Ice,psychic,ice,8,0,0,0,0,1,0,n,1,,898_1_n_n.png
898,Calyrex-Shadow,psychic,ghost,8,0,0,0,0,1,0,n,2,,898_2_n_n.png
